order_id,date,time,pizza_name,category,size,quantity,price,total_revenue
1,2015-01-01,11:38:36,"The Hawaiian Pizza",Classic,M,1,13.25,13.25
2,2015-01-01,11:57:40,"The Thai Chicken Pizza",Chicken,L,1,20.75,20.75
2,2015-01-01,11:57:40,"The Mexicana Pizza",Veggie,M,1,16,16
2,2015-01-01,11:57:40,"The Italian Supreme Pizza",Supreme,L,1,20.75,20.75
2,2015-01-01,11:57:40,"The Five Cheese Pizza",Veggie,L,1,18.5,18.5
2,2015-01-01,11:57:40,"The Classic Deluxe Pizza",Classic,M,1,16,16
3,2015-01-01,12:12:28,"The Prosciutto and Arugula Pizza",Supreme,L,1,20.75,20.75
3,2015-01-01,12:12:28,"The Italian Supreme Pizza",Supreme,M,1,16.5,16.5
4,2015-01-01,12:16:31,"The Italian Supreme Pizza",Supreme,M,1,16.5,16.5
5,2015-01-01,12:21:30,"The Italian Supreme Pizza",Supreme,M,1,16.5,16.5
6,2015-01-01,12:29:36,"The Greek Pizza",Classic,S,1,12,12
6,2015-01-01,12:29:36,"The Barbecue Chicken Pizza",Chicken,S,1,12.75,12.75
7,2015-01-01,12:50:37,"The Spinach Supreme Pizza",Supreme,S,1,12.5,12.5
8,2015-01-01,12:51:37,"The Spinach Supreme Pizza",Supreme,S,1,12.5,12.5
9,2015-01-01,12:52:01,"The Vegetables + Vegetables Pizza",Veggie,S,1,12,12
9,2015-01-01,12:52:01,"The Spinach Pesto Pizza",Veggie,L,1,20.75,20.75
9,2015-01-01,12:52:01,"The Spicy Italian Pizza",Supreme,L,1,20.75,20.75
9,2015-01-01,12:52:01,"The Mexicana Pizza",Veggie,S,1,12,12
9,2015-01-01,12:52:01,"The Italian Supreme Pizza",Supreme,S,1,12.5,12.5
9,2015-01-01,12:52:01,"The Italian Supreme Pizza",Supreme,L,1,20.75,20.75
9,2015-01-01,12:52:01,"The Italian Capocollo Pizza",Classic,L,1,20.5,20.5
9,2015-01-01,12:52:01,"The Green Garden Pizza",Veggie,S,1,12,12
9,2015-01-01,12:52:01,"The Classic Deluxe Pizza",Classic,S,1,12,12
10,2015-01-01,13:00:15,"The Southwest Chicken Pizza",Chicken,L,1,20.75,20.75
10,2015-01-01,13:00:15,"The Mexicana Pizza",Veggie,L,1,20.25,20.25
11,2015-01-01,13:02:59,"The Pepperoni Pizza",Classic,L,1,15.25,15.25
11,2015-01-01,13:02:59,"The California Chicken Pizza",Chicken,M,1,16.75,16.75
11,2015-01-01,13:02:59,"The California Chicken Pizza",Chicken,L,1,20.75,20.75
11,2015-01-01,13:02:59,"The Barbecue Chicken Pizza",Chicken,L,1,20.75,20.75
12,2015-01-01,13:04:41,"The Italian Supreme Pizza",Supreme,M,1,16.5,16.5
12,2015-01-01,13:04:41,"The Chicken Pesto Pizza",Chicken,L,1,20.75,20.75
12,2015-01-01,13:04:41,"The California Chicken Pizza",Chicken,S,1,12.75,12.75
12,2015-01-01,13:04:41,"The California Chicken Pizza",Chicken,L,1,20.75,20.75
13,2015-01-01,13:11:55,"The Mexicana Pizza",Veggie,L,1,20.25,20.25
14,2015-01-01,13:14:19,"The Greek Pizza",Classic,S,1,12,12
15,2015-01-01,13:33:00,"The Greek Pizza",Classic,S,1,12,12
15,2015-01-01,13:33:00,"The Soppressata Pizza",Supreme,L,1,20.75,20.75
15,2015-01-01,13:33:00,"The Five Cheese Pizza",Veggie,L,1,18.5,18.5
15,2015-01-01,13:33:00,"The Big Meat Pizza",Classic,S,1,12,12
16,2015-01-01,13:34:07,"The Thai Chicken Pizza",Chicken,L,1,20.75,20.75
16,2015-01-01,13:34:07,"The Napolitana Pizza",Classic,S,1,12,12
16,2015-01-01,13:34:07,"The Four Cheese Pizza",Veggie,L,1,17.95,17.95
17,2015-01-01,13:53:00,"The Spinach and Feta Pizza",Veggie,L,1,20.25,20.25
17,2015-01-01,13:53:00,"The Pepper Salami Pizza",Supreme,S,1,12.5,12.5
17,2015-01-01,13:53:00,"The Mexicana Pizza",Veggie,L,1,20.25,20.25
17,2015-01-01,13:53:00,"The Mediterranean Pizza",Veggie,M,2,16,32
17,2015-01-01,13:53:00,"The Italian Vegetables Pizza",Veggie,S,1,12.75,12.75
17,2015-01-01,13:53:00,"The Italian Supreme Pizza",Supreme,M,1,16.5,16.5
17,2015-01-01,13:53:00,"The Four Cheese Pizza",Veggie,M,1,14.75,14.75
17,2015-01-01,13:53:00,"The Five Cheese Pizza",Veggie,L,1,18.5,18.5
17,2015-01-01,13:53:00,"The Calabrese Pizza",Supreme,M,1,16.25,16.25
17,2015-01-01,13:53:00,"The Barbecue Chicken Pizza",Chicken,L,1,20.75,20.75
18,2015-01-01,13:57:08,"The Napolitana Pizza",Classic,L,1,20.5,20.5
19,2015-01-01,13:59:09,"The Sicilian Pizza",Supreme,L,1,20.25,20.25
19,2015-01-01,13:59:09,"The Italian Capocollo Pizza",Classic,L,1,20.5,20.5
20,2015-01-01,14:03:08,"The Five Cheese Pizza",Veggie,L,1,18.5,18.5
20,2015-01-01,14:03:08,"The Big Meat Pizza",Classic,S,1,12,12
21,2015-01-01,14:14:29,"The Italian Capocollo Pizza",Classic,L,1,20.5,20.5
22,2015-01-01,14:16:26,"The Southwest Chicken Pizza",Chicken,L,1,20.75,20.75
22,2015-01-01,14:16:26,"The Italian Capocollo Pizza",Classic,M,1,16,16
22,2015-01-01,14:16:26,"The Five Cheese Pizza",Veggie,L,1,18.5,18.5
23,2015-01-01,14:19:03,"The Southwest Chicken Pizza",Chicken,S,1,12.75,12.75
24,2015-01-01,14:23:01,"The Prosciutto and Arugula Pizza",Supreme,S,1,12.5,12.5
24,2015-01-01,14:23:01,"The Pepperoni Pizza",Classic,M,1,12.5,12.5
24,2015-01-01,14:23:01,"The Italian Capocollo Pizza",Classic,M,1,16,16
24,2015-01-01,14:23:01,"The Barbecue Chicken Pizza",Chicken,M,1,16.75,16.75
25,2015-01-01,14:44:44,"The Thai Chicken Pizza",Chicken,L,1,20.75,20.75
25,2015-01-01,14:44:44,"The Sicilian Pizza",Supreme,M,1,16.25,16.25
26,2015-01-01,14:54:26,"The Vegetables + Vegetables Pizza",Veggie,L,1,20.25,20.25
26,2015-01-01,14:54:26,"The Classic Deluxe Pizza",Classic,S,1,12,12
27,2015-01-01,15:11:17,"The Spinach and Feta Pizza",Veggie,L,1,20.25,20.25
27,2015-01-01,15:11:17,"The Classic Deluxe Pizza",Classic,M,1,16,16
27,2015-01-01,15:11:17,"The Barbecue Chicken Pizza",Chicken,L,1,20.75,20.75
28,2015-01-01,15:35:46,"The Chicken Alfredo Pizza",Chicken,S,1,12.75,12.75
29,2015-01-01,15:41:01,"The Green Garden Pizza",Veggie,S,1,12,12
30,2015-01-01,15:41:25,"The Thai Chicken Pizza",Chicken,L,1,20.75,20.75
31,2015-01-01,15:50:18,"The Pepperoni Pizza",Classic,S,1,9.75,9.75
31,2015-01-01,15:50:18,"The Mexicana Pizza",Veggie,M,1,16,16
32,2015-01-01,15:53:18,"The Italian Supreme Pizza",Supreme,M,1,16.5,16.5
32,2015-01-01,15:53:18,"The Italian Capocollo Pizza",Classic,L,1,20.5,20.5
32,2015-01-01,15:53:18,"The Green Garden Pizza",Veggie,L,1,20.25,20.25
32,2015-01-01,15:53:18,"The Big Meat Pizza",Classic,S,1,12,12
33,2015-01-01,15:54:08,"The Green Garden Pizza",Veggie,S,1,12,12
33,2015-01-01,15:54:08,"The Barbecue Chicken Pizza",Chicken,L,1,20.75,20.75
34,2015-01-01,16:21:21,"The Greek Pizza",Classic,S,1,12,12
35,2015-01-01,16:32:04,"The Thai Chicken Pizza",Chicken,L,1,20.75,20.75
35,2015-01-01,16:32:04,"The Pepperoni Pizza",Classic,M,1,12.5,12.5
35,2015-01-01,16:32:04,"The Pepperoni, Mushroom, and Peppers Pizza",Classic,L,1,17.5,17.5
35,2015-01-01,16:32:04,"The Green Garden Pizza",Veggie,M,1,16,16
36,2015-01-01,16:54:09,"The Classic Deluxe Pizza",Classic,M,1,16,16
36,2015-01-01,16:54:09,"The Barbecue Chicken Pizza",Chicken,M,1,16.75,16.75
37,2015-01-01,16:56:09,"The Mexicana Pizza",Veggie,L,1,20.25,20.25
37,2015-01-01,16:56:09,"The Italian Supreme Pizza",Supreme,L,1,20.75,20.75
38,2015-01-01,17:03:00,"The Italian Capocollo Pizza",Classic,L,1,20.5,20.5
38,2015-01-01,17:03:00,"The Hawaiian Pizza",Classic,S,1,10.5,10.5
39,2015-01-01,17:07:23,"The Italian Supreme Pizza",Supreme,L,1,20.75,20.75
40,2015-01-01,17:14:36,"The Southwest Chicken Pizza",Chicken,S,1,12.75,12.75
40,2015-01-01,17:14:36,"The Four Cheese Pizza",Veggie,L,1,17.95,17.95
41,2015-01-01,17:15:20,"The Green Garden Pizza",Veggie,S,1,12,12
41,2015-01-01,17:15:20,"The Four Cheese Pizza",Veggie,M,1,14.75,14.75
42,2015-01-01,17:28:09,"The Pepper Salami Pizza",Supreme,M,1,16.5,16.5
42,2015-01-01,17:28:09,"The Mexicana Pizza",Veggie,L,1,20.25,20.25
42,2015-01-01,17:28:09,"The Five Cheese Pizza",Veggie,L,1,18.5,18.5
42,2015-01-01,17:28:09,"The Big Meat Pizza",Classic,S,1,12,12
43,2015-01-01,17:38:34,"The Pepper Salami Pizza",Supreme,L,1,20.75,20.75
43,2015-01-01,17:38:34,"The Italian Supreme Pizza",Supreme,M,1,16.5,16.5
43,2015-01-01,17:38:34,"The Chicken Alfredo Pizza",Chicken,M,1,16.75,16.75
44,2015-01-01,17:54:20,"The Spinach Pesto Pizza",Veggie,S,1,12.5,12.5
45,2015-01-01,17:55:48,"The Thai Chicken Pizza",Chicken,M,1,16.75,16.75
45,2015-01-01,17:55:48,"The Hawaiian Pizza",Classic,S,1,10.5,10.5
45,2015-01-01,17:55:48,"The Four Cheese Pizza",Veggie,L,1,17.95,17.95
46,2015-01-01,18:25:51,"The Thai Chicken Pizza",Chicken,M,1,16.75,16.75
46,2015-01-01,18:25:51,"The Classic Deluxe Pizza",Classic,L,1,20.5,20.5
46,2015-01-01,18:25:51,"The Chicken Pesto Pizza",Chicken,L,1,20.75,20.75
47,2015-01-01,18:26:34,"The Vegetables + Vegetables Pizza",Veggie,S,1,12,12
47,2015-01-01,18:26:34,"The Southwest Chicken Pizza",Chicken,L,1,20.75,20.75
48,2015-01-01,18:26:42,"The Spicy Italian Pizza",Supreme,L,1,20.75,20.75
48,2015-01-01,18:26:42,"The Prosciutto and Arugula Pizza",Supreme,L,1,20.75,20.75
48,2015-01-01,18:26:42,"The Green Garden Pizza",Veggie,S,1,12,12
48,2015-01-01,18:26:42,"The Chicken Pesto Pizza",Chicken,M,1,16.75,16.75
49,2015-01-01,18:33:00,"The Sicilian Pizza",Supreme,L,1,20.25,20.25
50,2015-01-01,18:41:01,"The Greek Pizza",Classic,XL,1,25.5,25.5
51,2015-01-01,18:48:28,"The Pepperoni, Mushroom, and Peppers Pizza",Classic,L,1,17.5,17.5
51,2015-01-01,18:48:28,"The Barbecue Chicken Pizza",Chicken,L,1,20.75,20.75
52,2015-01-01,18:53:02,"The Spicy Italian Pizza",Supreme,L,1,20.75,20.75
52,2015-01-01,18:53:02,"The Mexicana Pizza",Veggie,L,1,20.25,20.25
52,2015-01-01,18:53:02,"The Hawaiian Pizza",Classic,L,1,16.5,16.5
53,2015-01-01,18:54:17,"The Spinach Supreme Pizza",Supreme,M,1,16.5,16.5
53,2015-01-01,18:54:17,"The Pepperoni, Mushroom, and Peppers Pizza",Classic,S,1,11,11
54,2015-01-01,19:01:45,"The Thai Chicken Pizza",Chicken,L,1,20.75,20.75
54,2015-01-01,19:01:45,"The Prosciutto and Arugula Pizza",Supreme,M,1,16.5,16.5
55,2015-01-01,19:03:19,"The Spicy Italian Pizza",Supreme,L,1,20.75,20.75
55,2015-01-01,19:03:19,"The Pepper Salami Pizza",Supreme,S,1,12.5,12.5
56,2015-01-01,19:07:00,"The Southwest Chicken Pizza",Chicken,M,1,16.75,16.75
56,2015-01-01,19:07:00,"The Mediterranean Pizza",Veggie,L,1,20.25,20.25
56,2015-01-01,19:07:00,"The Classic Deluxe Pizza",Classic,M,1,16,16
57,2015-01-01,19:10:51,"The Classic Deluxe Pizza",Classic,M,1,16,16
58,2015-01-01,19:30:40,"The Pepperoni Pizza",Classic,M,1,12.5,12.5
58,2015-01-01,19:30:40,"The Five Cheese Pizza",Veggie,L,1,18.5,18.5
59,2015-01-01,19:40:08,"The Pepperoni Pizza",Classic,L,1,15.25,15.25
59,2015-01-01,19:40:08,"The Pepperoni, Mushroom, and Peppers Pizza",Classic,S,1,11,11
59,2015-01-01,19:40:08,"The Italian Vegetables Pizza",Veggie,S,1,12.75,12.75
60,2015-01-01,20:05:16,"The Four Cheese Pizza",Veggie,M,1,14.75,14.75
60,2015-01-01,20:05:16,"The Chicken Pesto Pizza",Chicken,L,1,20.75,20.75
61,2015-01-01,20:08:43,"The Italian Supreme Pizza",Supreme,L,1,20.75,20.75
61,2015-01-01,20:08:43,"The Barbecue Chicken Pizza",Chicken,M,1,16.75,16.75
62,2015-01-01,20:50:16,"The Spinach Supreme Pizza",Supreme,M,1,16.5,16.5
62,2015-01-01,20:50:16,"The Barbecue Chicken Pizza",Chicken,M,1,16.75,16.75
63,2015-01-01,20:51:42,"The Pepperoni, Mushroom, and Peppers Pizza",Classic,M,1,14.5,14.5
64,2015-01-01,20:52:08,"The Big Meat Pizza",Classic,S,1,12,12
65,2015-01-01,21:16:00,"The Spinach Supreme Pizza",Supreme,M,1,16.5,16.5
65,2015-01-01,21:16:00,"The Spicy Italian Pizza",Supreme,S,1,12.5,12.5
65,2015-01-01,21:16:00,"The Sicilian Pizza",Supreme,S,1,12.25,12.25
65,2015-01-01,21:16:00,"The Pepperoni, Mushroom, and Peppers Pizza",Classic,S,1,11,11
66,2015-01-01,21:47:55,"The Italian Capocollo Pizza",Classic,M,1,16,16
66,2015-01-01,21:47:55,"The Classic Deluxe Pizza",Classic,M,1,16,16
67,2015-01-01,22:03:40,"The Southwest Chicken Pizza",Chicken,L,1,20.75,20.75
68,2015-01-01,22:07:32,"The Italian Supreme Pizza",Supreme,M,1,16.5,16.5
68,2015-01-01,22:07:32,"The Italian Supreme Pizza",Supreme,L,1,20.75,20.75
68,2015-01-01,22:07:32,"The Classic Deluxe Pizza",Classic,M,1,16,16
69,2015-01-01,22:12:13,"The Barbecue Chicken Pizza",Chicken,L,1,20.75,20.75
70,2015-01-02,11:38:51,"The Soppressata Pizza",Supreme,L,1,20.75,20.75
70,2015-01-02,11:38:51,"The Italian Vegetables Pizza",Veggie,S,1,12.75,12.75
71,2015-01-02,11:40:50,"The Thai Chicken Pizza",Chicken,L,1,20.75,20.75
72,2015-01-02,11:57:25,"The Spinach and Feta Pizza",Veggie,L,1,20.25,20.25
73,2015-01-02,11:58:56,"The Thai Chicken Pizza",Chicken,S,1,12.75,12.75
74,2015-01-02,12:01:12,"The Spinach Supreme Pizza",Supreme,L,1,20.75,20.75
74,2015-01-02,12:01:12,"The Spinach Pesto Pizza",Veggie,S,1,12.5,12.5
74,2015-01-02,12:01:12,"The Mexicana Pizza",Veggie,L,1,20.25,20.25
74,2015-01-02,12:01:12,"The Five Cheese Pizza",Veggie,L,1,18.5,18.5
75,2015-01-02,12:10:15,"The Napolitana Pizza",Classic,L,1,20.5,20.5
75,2015-01-02,12:10:15,"The Mediterranean Pizza",Veggie,L,1,20.25,20.25
75,2015-01-02,12:10:15,"The Italian Supreme Pizza",Supreme,S,1,12.5,12.5
76,2015-01-02,12:21:17,"The Spicy Italian Pizza",Supreme,L,1,20.75,20.75
76,2015-01-02,12:21:17,"The Italian Vegetables Pizza",Veggie,L,1,21,21
76,2015-01-02,12:21:17,"The Hawaiian Pizza",Classic,L,1,16.5,16.5
76,2015-01-02,12:21:17,"The Big Meat Pizza",Classic,S,1,12,12
77,2015-01-02,12:22:46,"The Hawaiian Pizza",Classic,M,1,13.25,13.25
77,2015-01-02,12:22:46,"The Barbecue Chicken Pizza",Chicken,M,1,16.75,16.75
78,2015-01-02,12:28:14,"The Thai Chicken Pizza",Chicken,S,1,12.75,12.75
78,2015-01-02,12:28:14,"The Spicy Italian Pizza",Supreme,L,3,20.75,62.25
78,2015-01-02,12:28:14,"The Italian Capocollo Pizza",Classic,M,1,16,16
78,2015-01-02,12:28:14,"The Four Cheese Pizza",Veggie,L,1,17.95,17.95
78,2015-01-02,12:28:14,"The Classic Deluxe Pizza",Classic,S,1,12,12
78,2015-01-02,12:28:14,"The Big Meat Pizza",Classic,S,1,12,12
79,2015-01-02,12:29:11,"The Thai Chicken Pizza",Chicken,L,1,20.75,20.75
79,2015-01-02,12:29:11,"The Pepperoni, Mushroom, and Peppers Pizza",Classic,S,1,11,11
79,2015-01-02,12:29:11,"The Italian Capocollo Pizza",Classic,L,1,20.5,20.5
80,2015-01-02,12:35:38,"The Thai Chicken Pizza",Chicken,M,1,16.75,16.75
80,2015-01-02,12:35:38,"The Pepperoni Pizza",Classic,S,1,9.75,9.75
81,2015-01-02,12:40:01,"The Thai Chicken Pizza",Chicken,L,1,20.75,20.75
82,2015-01-02,12:45:51,"The Vegetables + Vegetables Pizza",Veggie,M,1,16,16
82,2015-01-02,12:45:51,"The Spicy Italian Pizza",Supreme,L,1,20.75,20.75
82,2015-01-02,12:45:51,"The California Chicken Pizza",Chicken,M,1,16.75,16.75
82,2015-01-02,12:45:51,"The Big Meat Pizza",Classic,S,1,12,12
83,2015-01-02,12:53:27,"The Southwest Chicken Pizza",Chicken,S,1,12.75,12.75
84,2015-01-02,13:13:41,"The Pepperoni Pizza",Classic,L,1,15.25,15.25
85,2015-01-02,13:34:49,"The Greek Pizza",Classic,M,1,16,16
85,2015-01-02,13:34:49,"The Italian Supreme Pizza",Supreme,L,1,20.75,20.75
85,2015-01-02,13:34:49,"The Classic Deluxe Pizza",Classic,S,1,12,12
85,2015-01-02,13:34:49,"The Classic Deluxe Pizza",Classic,M,1,16,16
86,2015-01-02,13:40:31,"The Hawaiian Pizza",Classic,L,1,16.5,16.5
87,2015-01-02,14:01:02,"The Spinach Supreme Pizza",Supreme,S,1,12.5,12.5
87,2015-01-02,14:01:02,"The Spinach Supreme Pizza",Supreme,L,1,20.75,20.75
87,2015-01-02,14:01:02,"The Mexicana Pizza",Veggie,M,1,16,16
87,2015-01-02,14:01:02,"The Italian Capocollo Pizza",Classic,M,1,16,16
88,2015-01-02,14:10:08,"The Five Cheese Pizza",Veggie,L,1,18.5,18.5
89,2015-01-02,14:30:19,"The Thai Chicken Pizza",Chicken,L,1,20.75,20.75
89,2015-01-02,14:30:19,"The Soppressata Pizza",Supreme,L,1,20.75,20.75
90,2015-01-02,15:08:48,"The Thai Chicken Pizza",Chicken,S,1,12.75,12.75
90,2015-01-02,15:08:48,"The Sicilian Pizza",Supreme,L,1,20.25,20.25
91,2015-01-02,15:14:43,"The Pepperoni Pizza",Classic,S,1,9.75,9.75
91,2015-01-02,15:14:43,"The Chicken Pesto Pizza",Chicken,S,1,12.75,12.75
91,2015-01-02,15:14:43,"The Barbecue Chicken Pizza",Chicken,L,2,20.75,41.5
92,2015-01-02,15:17:02,"The Greek Pizza",Classic,M,2,16,32
92,2015-01-02,15:17:02,"The Spinach Supreme Pizza",Supreme,S,1,12.5,12.5
92,2015-01-02,15:17:02,"The Spinach and Feta Pizza",Veggie,S,1,12,12
92,2015-01-02,15:17:02,"The Pepper Salami Pizza",Supreme,M,1,16.5,16.5
92,2015-01-02,15:17:02,"The Pepperoni Pizza",Classic,M,1,12.5,12.5
92,2015-01-02,15:17:02,"The Italian Vegetables Pizza",Veggie,S,1,12.75,12.75
92,2015-01-02,15:17:02,"The Italian Supreme Pizza",Supreme,M,1,16.5,16.5
92,2015-01-02,15:17:02,"The Italian Supreme Pizza",Supreme,L,1,20.75,20.75
92,2015-01-02,15:17:02,"The Barbecue Chicken Pizza",Chicken,M,1,16.75,16.75
93,2015-01-02,15:29:31,"The Sicilian Pizza",Supreme,M,1,16.25,16.25
94,2015-01-02,16:17:16,"The Southwest Chicken Pizza",Chicken,S,1,12.75,12.75
94,2015-01-02,16:17:16,"The Italian Capocollo Pizza",Classic,M,1,16,16
95,2015-01-02,16:18:04,"The Pepper Salami Pizza",Supreme,L,1,20.75,20.75
95,2015-01-02,16:18:04,"The Napolitana Pizza",Classic,S,1,12,12
96,2015-01-02,16:21:20,"The Napolitana Pizza",Classic,S,1,12,12
97,2015-01-02,16:45:33,"The Big Meat Pizza",Classic,S,1,12,12
98,2015-01-02,17:18:18,"The Napolitana Pizza",Classic,L,1,20.5,20.5
98,2015-01-02,17:18:18,"The Classic Deluxe Pizza",Classic,L,1,20.5,20.5
99,2015-01-02,17:45:42,"The Italian Supreme Pizza",Supreme,L,1,20.75,20.75
100,2015-01-02,17:46:17,"The Hawaiian Pizza",Classic,L,1,16.5,16.5
101,2015-01-02,17:51:33,"The Spicy Italian Pizza",Supreme,M,1,16.5,16.5
101,2015-01-02,17:51:33,"The Soppressata Pizza",Supreme,L,1,20.75,20.75
101,2015-01-02,17:51:33,"The Pepperoni Pizza",Classic,L,1,15.25,15.25
101,2015-01-02,17:51:33,"The California Chicken Pizza",Chicken,L,1,20.75,20.75
102,2015-01-02,17:54:04,"The Prosciutto and Arugula Pizza",Supreme,S,1,12.5,12.5
102,2015-01-02,17:54:04,"The Barbecue Chicken Pizza",Chicken,S,1,12.75,12.75
103,2015-01-02,18:02:09,"The Spinach Supreme Pizza",Supreme,S,1,12.5,12.5
104,2015-01-02,18:02:12,"The Vegetables + Vegetables Pizza",Veggie,L,1,20.25,20.25
104,2015-01-02,18:02:12,"The Italian Vegetables Pizza",Veggie,M,1,16.75,16.75
104,2015-01-02,18:02:12,"The Chicken Alfredo Pizza",Chicken,M,1,16.75,16.75
104,2015-01-02,18:02:12,"The Barbecue Chicken Pizza",Chicken,M,1,16.75,16.75
105,2015-01-02,18:12:01,"The Prosciutto and Arugula Pizza",Supreme,M,1,16.5,16.5
105,2015-01-02,18:12:01,"The Pepperoni Pizza",Classic,L,1,15.25,15.25
105,2015-01-02,18:12:01,"The Hawaiian Pizza",Classic,S,2,10.5,21
106,2015-01-02,18:12:13,"The Spicy Italian Pizza",Supreme,L,1,20.75,20.75
106,2015-01-02,18:12:13,"The Mexicana Pizza",Veggie,L,1,20.25,20.25
107,2015-01-02,18:25:09,"The Vegetables + Vegetables Pizza",Veggie,L,1,20.25,20.25
107,2015-01-02,18:25:09,"The Spicy Italian Pizza",Supreme,L,1,20.75,20.75
107,2015-01-02,18:25:09,"The Italian Supreme Pizza",Supreme,M,1,16.5,16.5
107,2015-01-02,18:25:09,"The California Chicken Pizza",Chicken,L,1,20.75,20.75
108,2015-01-02,18:25:25,"The Spinach Supreme Pizza",Supreme,L,1,20.75,20.75
108,2015-01-02,18:25:25,"The Hawaiian Pizza",Classic,L,1,16.5,16.5
108,2015-01-02,18:25:25,"The Classic Deluxe Pizza",Classic,L,1,20.5,20.5
109,2015-01-02,18:27:50,"The Prosciutto and Arugula Pizza",Supreme,L,1,20.75,20.75
109,2015-01-02,18:27:50,"The Pepperoni Pizza",Classic,M,1,12.5,12.5
109,2015-01-02,18:27:50,"The Italian Supreme Pizza",Supreme,L,1,20.75,20.75
109,2015-01-02,18:27:50,"The Italian Capocollo Pizza",Classic,L,1,20.5,20.5
110,2015-01-02,18:36:19,"The Spicy Italian Pizza",Supreme,S,1,12.5,12.5
110,2015-01-02,18:36:19,"The Soppressata Pizza",Supreme,L,1,20.75,20.75
110,2015-01-02,18:36:19,"The Napolitana Pizza",Classic,L,1,20.5,20.5
110,2015-01-02,18:36:19,"The Big Meat Pizza",Classic,S,1,12,12
111,2015-01-02,18:38:01,"The Spinach Pesto Pizza",Veggie,L,1,20.75,20.75
111,2015-01-02,18:38:01,"The Pepperoni Pizza",Classic,M,1,12.5,12.5
111,2015-01-02,18:38:01,"The Five Cheese Pizza",Veggie,L,1,18.5,18.5
111,2015-01-02,18:38:01,"The California Chicken Pizza",Chicken,M,1,16.75,16.75
112,2015-01-02,18:41:40,"The Pepperoni Pizza",Classic,S,1,9.75,9.75
113,2015-01-02,18:50:21,"The Southwest Chicken Pizza",Chicken,M,1,16.75,16.75
113,2015-01-02,18:50:21,"The Mexicana Pizza",Veggie,L,1,20.25,20.25
113,2015-01-02,18:50:21,"The California Chicken Pizza",Chicken,L,1,20.75,20.75
114,2015-01-02,18:59:32,"The Sicilian Pizza",Supreme,S,1,12.25,12.25
114,2015-01-02,18:59:32,"The Pepperoni Pizza",Classic,L,1,15.25,15.25
115,2015-01-02,19:05:17,"The Thai Chicken Pizza",Chicken,M,1,16.75,16.75
115,2015-01-02,19:05:17,"The Napolitana Pizza",Classic,L,1,20.5,20.5
115,2015-01-02,19:05:17,"The Big Meat Pizza",Classic,S,1,12,12
116,2015-01-02,19:18:49,"The Five Cheese Pizza",Veggie,L,1,18.5,18.5
117,2015-01-02,19:23:02,"The Sicilian Pizza",Supreme,L,1,20.25,20.25
117,2015-01-02,19:23:02,"The Pepper Salami Pizza",Supreme,M,1,16.5,16.5
118,2015-01-02,19:26:59,"The Spinach and Feta Pizza",Veggie,S,1,12,12
118,2015-01-02,19:26:59,"The Prosciutto and Arugula Pizza",Supreme,L,1,20.75,20.75
119,2015-01-02,19:32:29,"The Four Cheese Pizza",Veggie,M,1,14.75,14.75
120,2015-01-02,19:35:07,"The Spinach and Feta Pizza",Veggie,L,1,20.25,20.25
120,2015-01-02,19:35:07,"The Hawaiian Pizza",Classic,S,1,10.5,10.5
120,2015-01-02,19:35:07,"The Classic Deluxe Pizza",Classic,S,1,12,12
121,2015-01-02,19:38:48,"The Southwest Chicken Pizza",Chicken,L,1,20.75,20.75
121,2015-01-02,19:38:48,"The Sicilian Pizza",Supreme,L,1,20.25,20.25
121,2015-01-02,19:38:48,"The Four Cheese Pizza",Veggie,L,1,17.95,17.95
121,2015-01-02,19:38:48,"The Barbecue Chicken Pizza",Chicken,M,1,16.75,16.75
122,2015-01-02,19:50:19,"The Italian Supreme Pizza",Supreme,M,1,16.5,16.5
123,2015-01-02,20:12:09,"The Italian Capocollo Pizza",Classic,S,1,12,12
124,2015-01-02,20:12:34,"The Greek Pizza",Classic,S,1,12,12
124,2015-01-02,20:12:34,"The Spicy Italian Pizza",Supreme,L,1,20.75,20.75
124,2015-01-02,20:12:34,"The Sicilian Pizza",Supreme,L,1,20.25,20.25
124,2015-01-02,20:12:34,"The Barbecue Chicken Pizza",Chicken,S,1,12.75,12.75
125,2015-01-02,20:31:06,"The Greek Pizza",Classic,XL,1,25.5,25.5
126,2015-01-02,20:53:42,"The Vegetables + Vegetables Pizza",Veggie,L,1,20.25,20.25
127,2015-01-02,20:58:23,"The Pepperoni Pizza",Classic,M,1,12.5,12.5
128,2015-01-02,21:05:06,"The Spicy Italian Pizza",Supreme,S,1,12.5,12.5
129,2015-01-02,21:13:02,"The Greek Pizza",Classic,M,1,16,16
129,2015-01-02,21:13:02,"The Big Meat Pizza",Classic,S,1,12,12
130,2015-01-02,21:14:55,"The Southwest Chicken Pizza",Chicken,S,1,12.75,12.75
130,2015-01-02,21:14:55,"The Mexicana Pizza",Veggie,M,1,16,16
130,2015-01-02,21:14:55,"The Italian Capocollo Pizza",Classic,L,1,20.5,20.5
130,2015-01-02,21:14:55,"The Hawaiian Pizza",Classic,S,1,10.5,10.5
131,2015-01-02,21:33:10,"The Spinach Supreme Pizza",Supreme,S,1,12.5,12.5
131,2015-01-02,21:33:10,"The Green Garden Pizza",Veggie,S,1,12,12
131,2015-01-02,21:33:10,"The Five Cheese Pizza",Veggie,L,1,18.5,18.5
131,2015-01-02,21:33:10,"The Chicken Pesto Pizza",Chicken,L,1,20.75,20.75
132,2015-01-02,21:42:45,"The Pepperoni Pizza",Classic,S,1,9.75,9.75
133,2015-01-02,22:00:17,"The Greek Pizza",Classic,S,1,12,12
133,2015-01-02,22:00:17,"The Hawaiian Pizza",Classic,L,1,16.5,16.5
133,2015-01-02,22:00:17,"The Barbecue Chicken Pizza",Chicken,L,1,20.75,20.75
134,2015-01-02,22:13:24,"The Spinach Supreme Pizza",Supreme,S,1,12.5,12.5
134,2015-01-02,22:13:24,"The Southwest Chicken Pizza",Chicken,L,1,20.75,20.75
134,2015-01-02,22:13:24,"The Big Meat Pizza",Classic,S,1,12,12
135,2015-01-02,22:29:34,"The Vegetables + Vegetables Pizza",Veggie,L,1,20.25,20.25
136,2015-01-02,22:32:49,"The Pepper Salami Pizza",Supreme,S,1,12.5,12.5
136,2015-01-02,22:32:49,"The Five Cheese Pizza",Veggie,L,1,18.5,18.5
137,2015-01-03,11:34:10,"The Spicy Italian Pizza",Supreme,M,1,16.5,16.5
137,2015-01-03,11:34:10,"The Pepperoni Pizza",Classic,S,1,9.75,9.75
137,2015-01-03,11:34:10,"The Mediterranean Pizza",Veggie,L,1,20.25,20.25
138,2015-01-03,11:44:50,"The Sicilian Pizza",Supreme,M,1,16.25,16.25
138,2015-01-03,11:44:50,"The Italian Vegetables Pizza",Veggie,L,1,21,21
138,2015-01-03,11:44:50,"The Four Cheese Pizza",Veggie,L,1,17.95,17.95
138,2015-01-03,11:44:50,"The California Chicken Pizza",Chicken,M,1,16.75,16.75
139,2015-01-03,11:57:39,"The Five Cheese Pizza",Veggie,L,1,18.5,18.5
140,2015-01-03,12:26:44,"The Vegetables + Vegetables Pizza",Veggie,M,1,16,16
140,2015-01-03,12:26:44,"The Prosciutto and Arugula Pizza",Supreme,S,1,12.5,12.5
141,2015-01-03,13:16:01,"The Classic Deluxe Pizza",Classic,M,1,16,16
142,2015-01-03,13:33:59,"The Green Garden Pizza",Veggie,M,1,16,16
143,2015-01-03,13:41:36,"The Vegetables + Vegetables Pizza",Veggie,M,1,16,16
143,2015-01-03,13:41:36,"The Thai Chicken Pizza",Chicken,L,1,20.75,20.75
143,2015-01-03,13:41:36,"The Prosciutto and Arugula Pizza",Supreme,S,1,12.5,12.5
143,2015-01-03,13:41:36,"The Pepperoni Pizza",Classic,L,1,15.25,15.25
143,2015-01-03,13:41:36,"The Mexicana Pizza",Veggie,M,1,16,16
143,2015-01-03,13:41:36,"The Hawaiian Pizza",Classic,L,1,16.5,16.5
143,2015-01-03,13:41:36,"The Classic Deluxe Pizza",Classic,S,1,12,12
143,2015-01-03,13:41:36,"The California Chicken Pizza",Chicken,S,1,12.75,12.75
144,2015-01-03,13:44:28,"The Vegetables + Vegetables Pizza",Veggie,L,1,20.25,20.25
144,2015-01-03,13:44:28,"The Thai Chicken Pizza",Chicken,M,1,16.75,16.75
144,2015-01-03,13:44:28,"The Spicy Italian Pizza",Supreme,L,1,20.75,20.75
144,2015-01-03,13:44:28,"The Southwest Chicken Pizza",Chicken,S,1,12.75,12.75
144,2015-01-03,13:44:28,"The Southwest Chicken Pizza",Chicken,L,1,20.75,20.75
144,2015-01-03,13:44:28,"The Pepperoni, Mushroom, and Peppers Pizza",Classic,S,1,11,11
144,2015-01-03,13:44:28,"The Four Cheese Pizza",Veggie,L,1,17.95,17.95
144,2015-01-03,13:44:28,"The Five Cheese Pizza",Veggie,L,1,18.5,18.5
144,2015-01-03,13:44:28,"The Chicken Pesto Pizza",Chicken,M,1,16.75,16.75
144,2015-01-03,13:44:28,"The California Chicken Pizza",Chicken,L,1,20.75,20.75
144,2015-01-03,13:44:28,"The Big Meat Pizza",Classic,S,1,12,12
144,2015-01-03,13:44:28,"The Barbecue Chicken Pizza",Chicken,M,3,16.75,50.25
145,2015-01-03,13:53:48,"The Greek Pizza",Classic,S,1,12,12
146,2015-01-03,14:22:10,"The Hawaiian Pizza",Classic,M,1,13.25,13.25
146,2015-01-03,14:22:10,"The Four Cheese Pizza",Veggie,M,1,14.75,14.75
146,2015-01-03,14:22:10,"The California Chicken Pizza",Chicken,L,1,20.75,20.75
147,2015-01-03,14:32:51,"The Greek Pizza",Classic,XL,1,25.5,25.5
148,2015-01-03,14:40:42,"The Mediterranean Pizza",Veggie,S,1,12,12
149,2015-01-03,14:48:45,"The Spinach and Feta Pizza",Veggie,M,1,16,16
150,2015-01-03,14:49:58,"The Pepperoni Pizza",Classic,M,1,12.5,12.5
151,2015-01-03,15:09:34,"The Spinach Supreme Pizza",Supreme,S,1,12.5,12.5
151,2015-01-03,15:09:34,"The Southwest Chicken Pizza",Chicken,L,1,20.75,20.75
152,2015-01-03,15:09:42,"The Greek Pizza",Classic,M,1,16,16
152,2015-01-03,15:09:42,"The Thai Chicken Pizza",Chicken,S,1,12.75,12.75
152,2015-01-03,15:09:42,"The Spinach and Feta Pizza",Veggie,L,1,20.25,20.25
152,2015-01-03,15:09:42,"The Hawaiian Pizza",Classic,S,1,10.5,10.5
153,2015-01-03,15:16:34,"The Mexicana Pizza",Veggie,M,1,16,16
154,2015-01-03,15:22:43,"The Prosciutto and Arugula Pizza",Supreme,S,1,12.5,12.5
155,2015-01-03,15:28:59,"The Pepper Salami Pizza",Supreme,L,1,20.75,20.75
155,2015-01-03,15:28:59,"The Pepperoni Pizza",Classic,L,1,15.25,15.25
155,2015-01-03,15:28:59,"The Napolitana Pizza",Classic,L,1,20.5,20.5
155,2015-01-03,15:28:59,"The Chicken Pesto Pizza",Chicken,S,1,12.75,12.75
156,2015-01-03,15:42:19,"The Thai Chicken Pizza",Chicken,L,1,20.75,20.75
156,2015-01-03,15:42:19,"The Napolitana Pizza",Classic,M,1,16,16
157,2015-01-03,15:43:03,"The Spinach Pesto Pizza",Veggie,M,1,16.5,16.5
157,2015-01-03,15:43:03,"The Sicilian Pizza",Supreme,M,1,16.25,16.25
157,2015-01-03,15:43:03,"The Mediterranean Pizza",Veggie,M,1,16,16
157,2015-01-03,15:43:03,"The Italian Supreme Pizza",Supreme,L,1,20.75,20.75
158,2015-01-03,15:54:30,"The Thai Chicken Pizza",Chicken,M,1,16.75,16.75
158,2015-01-03,15:54:30,"The Italian Vegetables Pizza",Veggie,M,1,16.75,16.75
159,2015-01-03,15:59:22,"The Thai Chicken Pizza",Chicken,M,1,16.75,16.75
159,2015-01-03,15:59:22,"The Four Cheese Pizza",Veggie,L,1,17.95,17.95
160,2015-01-03,16:35:33,"The Classic Deluxe Pizza",Classic,M,1,16,16
161,2015-01-03,16:43:46,"The Greek Pizza",Classic,XL,1,25.5,25.5
161,2015-01-03,16:43:46,"The Spicy Italian Pizza",Supreme,M,1,16.5,16.5
161,2015-01-03,16:43:46,"The Hawaiian Pizza",Classic,S,1,10.5,10.5
162,2015-01-03,16:51:22,"The Big Meat Pizza",Classic,S,1,12,12
163,2015-01-03,16:54:54,"The Greek Pizza",Classic,M,1,16,16
163,2015-01-03,16:54:54,"The Pepperoni Pizza",Classic,L,1,15.25,15.25
163,2015-01-03,16:54:54,"The Hawaiian Pizza",Classic,M,1,13.25,13.25
164,2015-01-03,16:56:33,"The Pepperoni Pizza",Classic,M,1,12.5,12.5
164,2015-01-03,16:56:33,"The California Chicken Pizza",Chicken,L,1,20.75,20.75
165,2015-01-03,16:57:37,"The Prosciutto and Arugula Pizza",Supreme,M,1,16.5,16.5
166,2015-01-03,16:58:51,"The Prosciutto and Arugula Pizza",Supreme,S,1,12.5,12.5
167,2015-01-03,17:00:49,"The Pepperoni Pizza",Classic,M,1,12.5,12.5
167,2015-01-03,17:00:49,"The Italian Supreme Pizza",Supreme,M,1,16.5,16.5
167,2015-01-03,17:00:49,"The Barbecue Chicken Pizza",Chicken,L,1,20.75,20.75
168,2015-01-03,17:02:27,"The Vegetables + Vegetables Pizza",Veggie,M,1,16,16
168,2015-01-03,17:02:27,"The Big Meat Pizza",Classic,S,1,12,12
169,2015-01-03,17:15:48,"The Sicilian Pizza",Supreme,M,1,16.25,16.25
169,2015-01-03,17:15:48,"The Italian Capocollo Pizza",Classic,S,1,12,12
169,2015-01-03,17:15:48,"The Four Cheese Pizza",Veggie,L,1,17.95,17.95
170,2015-01-03,17:21:31,"The Hawaiian Pizza",Classic,L,1,16.5,16.5
171,2015-01-03,17:23:03,"The Napolitana Pizza",Classic,M,1,16,16
172,2015-01-03,17:29:24,"The Thai Chicken Pizza",Chicken,L,1,20.75,20.75
172,2015-01-03,17:29:24,"The Spinach Supreme Pizza",Supreme,M,1,16.5,16.5
172,2015-01-03,17:29:24,"The Napolitana Pizza",Classic,S,1,12,12
173,2015-01-03,17:35:30,"The Vegetables + Vegetables Pizza",Veggie,L,1,20.25,20.25
173,2015-01-03,17:35:30,"The Classic Deluxe Pizza",Classic,M,1,16,16
173,2015-01-03,17:35:30,"The California Chicken Pizza",Chicken,M,1,16.75,16.75
174,2015-01-03,17:37:49,"The Italian Capocollo Pizza",Classic,M,1,16,16
174,2015-01-03,17:37:49,"The California Chicken Pizza",Chicken,M,1,16.75,16.75
174,2015-01-03,17:37:49,"The California Chicken Pizza",Chicken,L,1,20.75,20.75
174,2015-01-03,17:37:49,"The Big Meat Pizza",Classic,S,1,12,12
175,2015-01-03,17:50:51,"The Italian Supreme Pizza",Supreme,L,1,20.75,20.75
176,2015-01-03,17:51:57,"The Pepper Salami Pizza",Supreme,M,1,16.5,16.5
176,2015-01-03,17:51:57,"The California Chicken Pizza",Chicken,L,1,20.75,20.75
177,2015-01-03,17:54:36,"The Thai Chicken Pizza",Chicken,L,1,20.75,20.75
177,2015-01-03,17:54:36,"The Napolitana Pizza",Classic,S,1,12,12
178,2015-01-03,18:15:03,"The Pepper Salami Pizza",Supreme,L,1,20.75,20.75
179,2015-01-03,18:20:14,"The Vegetables + Vegetables Pizza",Veggie,S,1,12,12
179,2015-01-03,18:20:14,"The Sicilian Pizza",Supreme,M,1,16.25,16.25
179,2015-01-03,18:20:14,"The Hawaiian Pizza",Classic,L,1,16.5,16.5
180,2015-01-03,18:33:34,"The Prosciutto and Arugula Pizza",Supreme,L,1,20.75,20.75
180,2015-01-03,18:33:34,"The Classic Deluxe Pizza",Classic,L,1,20.5,20.5
181,2015-01-03,18:49:32,"The Mexicana Pizza",Veggie,L,1,20.25,20.25
182,2015-01-03,18:50:10,"The Pepper Salami Pizza",Supreme,L,1,20.75,20.75
182,2015-01-03,18:50:10,"The Brie Carre Pizza",Supreme,S,1,23.65,23.65
183,2015-01-03,18:54:55,"The Spinach Pesto Pizza",Veggie,S,1,12.5,12.5
183,2015-01-03,18:54:55,"The Spinach Pesto Pizza",Veggie,L,1,20.75,20.75
183,2015-01-03,18:54:55,"The Napolitana Pizza",Classic,M,1,16,16
184,2015-01-03,18:59:05,"The Hawaiian Pizza",Classic,L,1,16.5,16.5
185,2015-01-03,19:08:33,"The Spinach Pesto Pizza",Veggie,S,1,12.5,12.5
185,2015-01-03,19:08:33,"The Sicilian Pizza",Supreme,M,1,16.25,16.25
186,2015-01-03,19:36:00,"The Thai Chicken Pizza",Chicken,L,1,20.75,20.75
186,2015-01-03,19:36:00,"The Spinach Pesto Pizza",Veggie,L,1,20.75,20.75
186,2015-01-03,19:36:00,"The Southwest Chicken Pizza",Chicken,L,1,20.75,20.75
186,2015-01-03,19:36:00,"The Mexicana Pizza",Veggie,L,1,20.25,20.25
187,2015-01-03,19:37:12,"The Spinach Pesto Pizza",Veggie,L,1,20.75,20.75
187,2015-01-03,19:37:12,"The Five Cheese Pizza",Veggie,L,1,18.5,18.5
188,2015-01-03,20:08:39,"The Pepper Salami Pizza",Supreme,L,1,20.75,20.75
188,2015-01-03,20:08:39,"The Pepperoni Pizza",Classic,S,1,9.75,9.75
188,2015-01-03,20:08:39,"The Five Cheese Pizza",Veggie,L,1,18.5,18.5
189,2015-01-03,20:12:14,"The Thai Chicken Pizza",Chicken,S,1,12.75,12.75
189,2015-01-03,20:12:14,"The Big Meat Pizza",Classic,S,2,12,24
190,2015-01-03,20:14:23,"The Prosciutto and Arugula Pizza",Supreme,L,1,20.75,20.75
190,2015-01-03,20:14:23,"The Pepperoni, Mushroom, and Peppers Pizza",Classic,S,1,11,11
190,2015-01-03,20:14:23,"The Four Cheese Pizza",Veggie,M,1,14.75,14.75
190,2015-01-03,20:14:23,"The Barbecue Chicken Pizza",Chicken,L,1,20.75,20.75
191,2015-01-03,20:24:50,"The Chicken Alfredo Pizza",Chicken,M,1,16.75,16.75
191,2015-01-03,20:24:50,"The California Chicken Pizza",Chicken,L,1,20.75,20.75
192,2015-01-03,20:30:08,"The Southwest Chicken Pizza",Chicken,L,1,20.75,20.75
192,2015-01-03,20:30:08,"The Sicilian Pizza",Supreme,S,1,12.25,12.25
193,2015-01-03,20:55:47,"The Chicken Alfredo Pizza",Chicken,L,2,20.75,41.5
193,2015-01-03,20:55:47,"The California Chicken Pizza",Chicken,M,1,16.75,16.75
193,2015-01-03,20:55:47,"The Big Meat Pizza",Classic,S,1,12,12
194,2015-01-03,21:21:24,"The Barbecue Chicken Pizza",Chicken,S,1,12.75,12.75
195,2015-01-03,21:25:20,"The Barbecue Chicken Pizza",Chicken,L,1,20.75,20.75
196,2015-01-03,21:40:14,"The Vegetables + Vegetables Pizza",Veggie,M,1,16,16
196,2015-01-03,21:40:14,"The Spicy Italian Pizza",Supreme,M,1,16.5,16.5
196,2015-01-03,21:40:14,"The Sicilian Pizza",Supreme,S,1,12.25,12.25
197,2015-01-03,21:47:48,"The Soppressata Pizza",Supreme,L,1,20.75,20.75
197,2015-01-03,21:47:48,"The Italian Vegetables Pizza",Veggie,L,1,21,21
197,2015-01-03,21:47:48,"The Italian Capocollo Pizza",Classic,L,1,20.5,20.5
197,2015-01-03,21:47:48,"The Four Cheese Pizza",Veggie,L,1,17.95,17.95
198,2015-01-03,21:55:42,"The Chicken Alfredo Pizza",Chicken,L,1,20.75,20.75
198,2015-01-03,21:55:42,"The Big Meat Pizza",Classic,S,1,12,12
199,2015-01-03,22:10:38,"The Chicken Alfredo Pizza",Chicken,M,1,16.75,16.75
200,2015-01-03,22:24:05,"The Greek Pizza",Classic,XL,1,25.5,25.5
201,2015-01-03,22:29:59,"The Greek Pizza",Classic,XL,1,25.5,25.5
201,2015-01-03,22:29:59,"The Italian Supreme Pizza",Supreme,L,1,20.75,20.75
201,2015-01-03,22:29:59,"The Chicken Pesto Pizza",Chicken,L,1,20.75,20.75
201,2015-01-03,22:29:59,"The Calabrese Pizza",Supreme,M,1,16.25,16.25
202,2015-01-03,22:50:29,"The California Chicken Pizza",Chicken,S,1,12.75,12.75
203,2015-01-04,11:30:48,"The Greek Pizza",Classic,S,1,12,12
203,2015-01-04,11:30:48,"The Pepperoni, Mushroom, and Peppers Pizza",Classic,L,1,17.5,17.5
203,2015-01-04,11:30:48,"The Italian Vegetables Pizza",Veggie,M,1,16.75,16.75
203,2015-01-04,11:30:48,"The California Chicken Pizza",Chicken,L,1,20.75,20.75
204,2015-01-04,11:36:25,"The Spicy Italian Pizza",Supreme,L,1,20.75,20.75
205,2015-01-04,11:43:54,"The Prosciutto and Arugula Pizza",Supreme,S,1,12.5,12.5
205,2015-01-04,11:43:54,"The Chicken Alfredo Pizza",Chicken,M,1,16.75,16.75
205,2015-01-04,11:43:54,"The California Chicken Pizza",Chicken,S,1,12.75,12.75
206,2015-01-04,11:45:10,"The Spicy Italian Pizza",Supreme,L,1,20.75,20.75
206,2015-01-04,11:45:10,"The Pepperoni Pizza",Classic,S,1,9.75,9.75
206,2015-01-04,11:45:10,"The Napolitana Pizza",Classic,M,1,16,16
207,2015-01-04,12:03:58,"The Spicy Italian Pizza",Supreme,L,1,20.75,20.75
208,2015-01-04,12:12:05,"The Greek Pizza",Classic,M,1,16,16
208,2015-01-04,12:12:05,"The Pepperoni Pizza",Classic,M,1,12.5,12.5
208,2015-01-04,12:12:05,"The Chicken Alfredo Pizza",Chicken,M,1,16.75,16.75
208,2015-01-04,12:12:05,"The Barbecue Chicken Pizza",Chicken,S,1,12.75,12.75
208,2015-01-04,12:12:05,"The Barbecue Chicken Pizza",Chicken,L,1,20.75,20.75
209,2015-01-04,12:29:17,"The California Chicken Pizza",Chicken,L,1,20.75,20.75
210,2015-01-04,12:34:13,"The Spinach and Feta Pizza",Veggie,S,1,12,12
211,2015-01-04,12:54:20,"The Pepperoni Pizza",Classic,S,1,9.75,9.75
212,2015-01-04,13:16:03,"The Italian Capocollo Pizza",Classic,L,1,20.5,20.5
213,2015-01-04,13:20:39,"The Four Cheese Pizza",Veggie,L,1,17.95,17.95
214,2015-01-04,13:39:16,"The Spinach Pesto Pizza",Veggie,M,1,16.5,16.5
214,2015-01-04,13:39:16,"The Mexicana Pizza",Veggie,S,1,12,12
214,2015-01-04,13:39:16,"The Italian Supreme Pizza",Supreme,M,1,16.5,16.5
214,2015-01-04,13:39:16,"The Italian Capocollo Pizza",Classic,L,1,20.5,20.5
215,2015-01-04,13:44:49,"The Green Garden Pizza",Veggie,S,1,12,12
216,2015-01-04,14:31:56,"The Hawaiian Pizza",Classic,L,1,16.5,16.5
216,2015-01-04,14:31:56,"The Five Cheese Pizza",Veggie,L,1,18.5,18.5
216,2015-01-04,14:31:56,"The Barbecue Chicken Pizza",Chicken,M,1,16.75,16.75
217,2015-01-04,14:35:03,"The Spinach and Feta Pizza",Veggie,S,1,12,12
217,2015-01-04,14:35:03,"The Classic Deluxe Pizza",Classic,M,1,16,16
218,2015-01-04,14:35:11,"The Spicy Italian Pizza",Supreme,M,1,16.5,16.5
219,2015-01-04,14:42:01,"The Spinach and Feta Pizza",Veggie,M,1,16,16
219,2015-01-04,14:42:01,"The Pepper Salami Pizza",Supreme,M,1,16.5,16.5
219,2015-01-04,14:42:01,"The Five Cheese Pizza",Veggie,L,1,18.5,18.5
219,2015-01-04,14:42:01,"The Barbecue Chicken Pizza",Chicken,L,1,20.75,20.75
220,2015-01-04,15:31:59,"The Spicy Italian Pizza",Supreme,L,1,20.75,20.75
220,2015-01-04,15:31:59,"The Napolitana Pizza",Classic,L,1,20.5,20.5
220,2015-01-04,15:31:59,"The Italian Capocollo Pizza",Classic,S,1,12,12
220,2015-01-04,15:31:59,"The Hawaiian Pizza",Classic,S,1,10.5,10.5
221,2015-01-04,15:33:18,"The Greek Pizza",Classic,S,1,12,12
221,2015-01-04,15:33:18,"The Prosciutto and Arugula Pizza",Supreme,M,1,16.5,16.5
221,2015-01-04,15:33:18,"The Five Cheese Pizza",Veggie,L,1,18.5,18.5
222,2015-01-04,15:46:38,"The Sicilian Pizza",Supreme,S,1,12.25,12.25
222,2015-01-04,15:46:38,"The Four Cheese Pizza",Veggie,L,1,17.95,17.95
223,2015-01-04,16:08:20,"The Pepperoni, Mushroom, and Peppers Pizza",Classic,S,1,11,11
224,2015-01-04,16:39:58,"The Thai Chicken Pizza",Chicken,L,1,20.75,20.75
224,2015-01-04,16:39:58,"The Napolitana Pizza",Classic,M,1,16,16
224,2015-01-04,16:39:58,"The Italian Supreme Pizza",Supreme,M,1,16.5,16.5
224,2015-01-04,16:39:58,"The Chicken Alfredo Pizza",Chicken,S,1,12.75,12.75
225,2015-01-04,16:41:48,"The Southwest Chicken Pizza",Chicken,S,1,12.75,12.75
225,2015-01-04,16:41:48,"The Barbecue Chicken Pizza",Chicken,M,1,16.75,16.75
225,2015-01-04,16:41:48,"The Barbecue Chicken Pizza",Chicken,L,1,20.75,20.75
226,2015-01-04,16:59:39,"The Classic Deluxe Pizza",Classic,L,1,20.5,20.5
227,2015-01-04,17:24:39,"The Greek Pizza",Classic,M,1,16,16
227,2015-01-04,17:24:39,"The Barbecue Chicken Pizza",Chicken,M,1,16.75,16.75
228,2015-01-04,17:31:24,"The Italian Vegetables Pizza",Veggie,S,1,12.75,12.75
229,2015-01-04,17:37:57,"The Spinach Pesto Pizza",Veggie,S,1,12.5,12.5
229,2015-01-04,17:37:57,"The Prosciutto and Arugula Pizza",Supreme,L,1,20.75,20.75
229,2015-01-04,17:37:57,"The Italian Vegetables Pizza",Veggie,L,1,21,21
230,2015-01-04,17:58:38,"The Thai Chicken Pizza",Chicken,M,1,16.75,16.75
231,2015-01-04,18:04:18,"The Prosciutto and Arugula Pizza",Supreme,S,1,12.5,12.5
231,2015-01-04,18:04:18,"The Napolitana Pizza",Classic,S,1,12,12
231,2015-01-04,18:04:18,"The California Chicken Pizza",Chicken,L,1,20.75,20.75
232,2015-01-04,18:21:59,"The Spinach Supreme Pizza",Supreme,L,1,20.75,20.75
232,2015-01-04,18:21:59,"The Barbecue Chicken Pizza",Chicken,M,1,16.75,16.75
233,2015-01-04,18:26:51,"The Spinach and Feta Pizza",Veggie,S,1,12,12
234,2015-01-04,18:36:09,"The Napolitana Pizza",Classic,M,1,16,16
234,2015-01-04,18:36:09,"The Italian Supreme Pizza",Supreme,S,1,12.5,12.5
234,2015-01-04,18:36:09,"The Chicken Alfredo Pizza",Chicken,M,1,16.75,16.75
235,2015-01-04,18:51:30,"The California Chicken Pizza",Chicken,M,1,16.75,16.75
236,2015-01-04,19:21:04,"The Green Garden Pizza",Veggie,M,1,16,16
236,2015-01-04,19:21:04,"The Classic Deluxe Pizza",Classic,L,1,20.5,20.5
237,2015-01-04,19:27:48,"The Green Garden Pizza",Veggie,S,1,12,12
238,2015-01-04,19:45:15,"The Spinach Pesto Pizza",Veggie,L,1,20.75,20.75
239,2015-01-04,19:57:52,"The Thai Chicken Pizza",Chicken,M,1,16.75,16.75
239,2015-01-04,19:57:52,"The Italian Supreme Pizza",Supreme,L,1,20.75,20.75
240,2015-01-04,20:10:24,"The Four Cheese Pizza",Veggie,M,1,14.75,14.75
241,2015-01-04,20:11:25,"The Spinach Supreme Pizza",Supreme,L,1,20.75,20.75
241,2015-01-04,20:11:25,"The Sicilian Pizza",Supreme,M,1,16.25,16.25
242,2015-01-04,20:15:29,"The Vegetables + Vegetables Pizza",Veggie,M,1,16,16
242,2015-01-04,20:15:29,"The Thai Chicken Pizza",Chicken,L,1,20.75,20.75
242,2015-01-04,20:15:29,"The Calabrese Pizza",Supreme,M,1,16.25,16.25
243,2015-01-04,20:26:17,"The Spinach Supreme Pizza",Supreme,S,1,12.5,12.5
243,2015-01-04,20:26:17,"The Classic Deluxe Pizza",Classic,L,1,20.5,20.5
244,2015-01-04,20:26:22,"The Spicy Italian Pizza",Supreme,L,1,20.75,20.75
244,2015-01-04,20:26:22,"The Italian Supreme Pizza",Supreme,S,1,12.5,12.5
245,2015-01-04,20:28:41,"The Chicken Pesto Pizza",Chicken,L,1,20.75,20.75
245,2015-01-04,20:28:41,"The Barbecue Chicken Pizza",Chicken,L,1,20.75,20.75
246,2015-01-04,20:30:48,"The Pepperoni Pizza",Classic,L,1,15.25,15.25
246,2015-01-04,20:30:48,"The Chicken Alfredo Pizza",Chicken,M,1,16.75,16.75
247,2015-01-04,20:55:29,"The Spinach Supreme Pizza",Supreme,S,1,12.5,12.5
247,2015-01-04,20:55:29,"The Sicilian Pizza",Supreme,M,1,16.25,16.25
247,2015-01-04,20:55:29,"The Hawaiian Pizza",Classic,M,1,13.25,13.25
248,2015-01-04,20:58:19,"The Thai Chicken Pizza",Chicken,L,1,20.75,20.75
248,2015-01-04,20:58:19,"The Hawaiian Pizza",Classic,S,1,10.5,10.5
249,2015-01-04,21:06:16,"The Calabrese Pizza",Supreme,S,1,12.25,12.25
249,2015-01-04,21:06:16,"The Barbecue Chicken Pizza",Chicken,L,1,20.75,20.75
250,2015-01-04,21:07:05,"The Four Cheese Pizza",Veggie,M,1,14.75,14.75
251,2015-01-04,21:10:05,"The Mexicana Pizza",Veggie,M,1,16,16
252,2015-01-04,22:13:15,"The Prosciutto and Arugula Pizza",Supreme,M,1,16.5,16.5
253,2015-01-04,22:16:18,"The Brie Carre Pizza",Supreme,S,1,23.65,23.65
254,2015-01-04,22:22:13,"The Five Cheese Pizza",Veggie,L,1,18.5,18.5
254,2015-01-04,22:22:13,"The Brie Carre Pizza",Supreme,S,1,23.65,23.65
254,2015-01-04,22:22:13,"The Barbecue Chicken Pizza",Chicken,L,1,20.75,20.75
255,2015-01-05,11:23:35,"The Spinach and Feta Pizza",Veggie,M,1,16,16
255,2015-01-05,11:23:35,"The Hawaiian Pizza",Classic,L,1,16.5,16.5
255,2015-01-05,11:23:35,"The Green Garden Pizza",Veggie,M,1,16,16
255,2015-01-05,11:23:35,"The Five Cheese Pizza",Veggie,L,1,18.5,18.5
256,2015-01-05,11:56:06,"The Pepperoni, Mushroom, and Peppers Pizza",Classic,L,1,17.5,17.5
257,2015-01-05,11:59:04,"The Chicken Alfredo Pizza",Chicken,L,1,20.75,20.75
257,2015-01-05,11:59:04,"The California Chicken Pizza",Chicken,L,1,20.75,20.75
258,2015-01-05,11:59:23,"The Classic Deluxe Pizza",Classic,M,1,16,16
259,2015-01-05,12:04:25,"The Pepperoni Pizza",Classic,L,1,15.25,15.25
260,2015-01-05,12:06:27,"The Greek Pizza",Classic,L,1,20.5,20.5
260,2015-01-05,12:06:27,"The Five Cheese Pizza",Veggie,L,1,18.5,18.5
261,2015-01-05,12:38:29,"The Brie Carre Pizza",Supreme,S,1,23.65,23.65
262,2015-01-05,12:42:01,"The California Chicken Pizza",Chicken,M,1,16.75,16.75
263,2015-01-05,12:57:22,"The Spinach Pesto Pizza",Veggie,L,1,20.75,20.75
264,2015-01-05,13:03:59,"The Mexicana Pizza",Veggie,M,1,16,16
265,2015-01-05,13:04:42,"The Spicy Italian Pizza",Supreme,L,1,20.75,20.75
265,2015-01-05,13:04:42,"The Sicilian Pizza",Supreme,M,1,16.25,16.25
265,2015-01-05,13:04:42,"The Mexicana Pizza",Veggie,L,1,20.25,20.25
265,2015-01-05,13:04:42,"The Chicken Alfredo Pizza",Chicken,M,1,16.75,16.75
266,2015-01-05,13:09:29,"The Pepper Salami Pizza",Supreme,M,1,16.5,16.5
267,2015-01-05,13:37:50,"The Napolitana Pizza",Classic,S,1,12,12
267,2015-01-05,13:37:50,"The Mediterranean Pizza",Veggie,L,1,20.25,20.25
267,2015-01-05,13:37:50,"The Four Cheese Pizza",Veggie,L,1,17.95,17.95
268,2015-01-05,13:40:46,"The Pepperoni Pizza",Classic,S,1,9.75,9.75
268,2015-01-05,13:40:46,"The Italian Supreme Pizza",Supreme,L,1,20.75,20.75
269,2015-01-05,13:49:34,"The Chicken Alfredo Pizza",Chicken,M,1,16.75,16.75
270,2015-01-05,14:09:02,"The Thai Chicken Pizza",Chicken,L,1,20.75,20.75
270,2015-01-05,14:09:02,"The Spinach Pesto Pizza",Veggie,L,1,20.75,20.75
270,2015-01-05,14:09:02,"The Southwest Chicken Pizza",Chicken,L,1,20.75,20.75
271,2015-01-05,14:22:19,"The Greek Pizza",Classic,S,1,12,12
271,2015-01-05,14:22:19,"The Southwest Chicken Pizza",Chicken,M,1,16.75,16.75
271,2015-01-05,14:22:19,"The Soppressata Pizza",Supreme,M,1,16.5,16.5
271,2015-01-05,14:22:19,"The Sicilian Pizza",Supreme,S,1,12.25,12.25
271,2015-01-05,14:22:19,"The Italian Supreme Pizza",Supreme,M,1,16.5,16.5
271,2015-01-05,14:22:19,"The Classic Deluxe Pizza",Classic,M,1,16,16
271,2015-01-05,14:22:19,"The Chicken Pesto Pizza",Chicken,L,2,20.75,41.5
271,2015-01-05,14:22:19,"The Chicken Alfredo Pizza",Chicken,M,2,16.75,33.5
271,2015-01-05,14:22:19,"The California Chicken Pizza",Chicken,M,2,16.75,33.5
271,2015-01-05,14:22:19,"The Big Meat Pizza",Classic,S,1,12,12
272,2015-01-05,14:24:05,"The Italian Supreme Pizza",Supreme,M,1,16.5,16.5
273,2015-01-05,14:28:00,"The Soppressata Pizza",Supreme,S,1,12.5,12.5
274,2015-01-05,14:36:33,"The Thai Chicken Pizza",Chicken,L,1,20.75,20.75
274,2015-01-05,14:36:33,"The Four Cheese Pizza",Veggie,L,1,17.95,17.95
275,2015-01-05,14:38:14,"The Sicilian Pizza",Supreme,M,1,16.25,16.25
275,2015-01-05,14:38:14,"The Pepperoni Pizza",Classic,S,1,9.75,9.75
275,2015-01-05,14:38:14,"The Five Cheese Pizza",Veggie,L,1,18.5,18.5
275,2015-01-05,14:38:14,"The Classic Deluxe Pizza",Classic,L,1,20.5,20.5
276,2015-01-05,15:18:18,"The Spicy Italian Pizza",Supreme,L,1,20.75,20.75
276,2015-01-05,15:18:18,"The Five Cheese Pizza",Veggie,L,1,18.5,18.5
277,2015-01-05,15:41:50,"The Four Cheese Pizza",Veggie,M,1,14.75,14.75
278,2015-01-05,15:49:21,"The Southwest Chicken Pizza",Chicken,L,1,20.75,20.75
278,2015-01-05,15:49:21,"The Italian Vegetables Pizza",Veggie,M,1,16.75,16.75
279,2015-01-05,16:07:03,"The Chicken Alfredo Pizza",Chicken,M,1,16.75,16.75
279,2015-01-05,16:07:03,"The California Chicken Pizza",Chicken,M,1,16.75,16.75
280,2015-01-05,16:20:23,"The Vegetables + Vegetables Pizza",Veggie,M,1,16,16
280,2015-01-05,16:20:23,"The Prosciutto and Arugula Pizza",Supreme,M,1,16.5,16.5
281,2015-01-05,16:33:48,"The Sicilian Pizza",Supreme,S,1,12.25,12.25
282,2015-01-05,16:49:38,"The Spinach Pesto Pizza",Veggie,L,1,20.75,20.75
282,2015-01-05,16:49:38,"The Pepper Salami Pizza",Supreme,L,1,20.75,20.75
282,2015-01-05,16:49:38,"The Five Cheese Pizza",Veggie,L,1,18.5,18.5
282,2015-01-05,16:49:38,"The Classic Deluxe Pizza",Classic,S,1,12,12
283,2015-01-05,16:51:43,"The Napolitana Pizza",Classic,M,1,16,16
284,2015-01-05,16:58:16,"The Napolitana Pizza",Classic,M,1,16,16
284,2015-01-05,16:58:16,"The Hawaiian Pizza",Classic,S,1,10.5,10.5
284,2015-01-05,16:58:16,"The Four Cheese Pizza",Veggie,M,1,14.75,14.75
285,2015-01-05,16:58:38,"The Prosciutto and Arugula Pizza",Supreme,L,1,20.75,20.75
286,2015-01-05,17:01:23,"The Pepper Salami Pizza",Supreme,L,1,20.75,20.75
286,2015-01-05,17:01:23,"The Italian Supreme Pizza",Supreme,M,1,16.5,16.5
287,2015-01-05,17:30:09,"The Sicilian Pizza",Supreme,S,1,12.25,12.25
287,2015-01-05,17:30:09,"The Pepperoni Pizza",Classic,M,1,12.5,12.5
287,2015-01-05,17:30:09,"The Pepperoni, Mushroom, and Peppers Pizza",Classic,M,1,14.5,14.5
287,2015-01-05,17:30:09,"The Italian Supreme Pizza",Supreme,M,1,16.5,16.5
288,2015-01-05,17:32:44,"The Spinach Supreme Pizza",Supreme,L,1,20.75,20.75
288,2015-01-05,17:32:44,"The Prosciutto and Arugula Pizza",Supreme,L,1,20.75,20.75
288,2015-01-05,17:32:44,"The Brie Carre Pizza",Supreme,S,1,23.65,23.65
289,2015-01-05,17:36:23,"The Five Cheese Pizza",Veggie,L,1,18.5,18.5
290,2015-01-05,17:41:16,"The Vegetables + Vegetables Pizza",Veggie,M,1,16,16
290,2015-01-05,17:41:16,"The Classic Deluxe Pizza",Classic,S,1,12,12
291,2015-01-05,17:44:39,"The Four Cheese Pizza",Veggie,M,1,14.75,14.75
291,2015-01-05,17:44:39,"The Chicken Alfredo Pizza",Chicken,M,2,16.75,33.5
291,2015-01-05,17:44:39,"The Barbecue Chicken Pizza",Chicken,L,1,20.75,20.75
292,2015-01-05,17:48:59,"The Spinach and Feta Pizza",Veggie,L,1,20.25,20.25
292,2015-01-05,17:48:59,"The Spinach Pesto Pizza",Veggie,M,1,16.5,16.5
293,2015-01-05,17:58:38,"The Italian Vegetables Pizza",Veggie,S,1,12.75,12.75
293,2015-01-05,17:58:38,"The Classic Deluxe Pizza",Classic,S,1,12,12
294,2015-01-05,18:16:35,"The Thai Chicken Pizza",Chicken,L,1,20.75,20.75
294,2015-01-05,18:16:35,"The Italian Supreme Pizza",Supreme,L,1,20.75,20.75
294,2015-01-05,18:16:35,"The Barbecue Chicken Pizza",Chicken,M,1,16.75,16.75
295,2015-01-05,18:20:12,"The California Chicken Pizza",Chicken,M,1,16.75,16.75
296,2015-01-05,18:46:54,"The Thai Chicken Pizza",Chicken,M,1,16.75,16.75
296,2015-01-05,18:46:54,"The Italian Capocollo Pizza",Classic,S,1,12,12
296,2015-01-05,18:46:54,"The Green Garden Pizza",Veggie,S,1,12,12
297,2015-01-05,19:02:18,"The Southwest Chicken Pizza",Chicken,M,1,16.75,16.75
298,2015-01-05,19:10:36,"The Classic Deluxe Pizza",Classic,S,1,12,12
298,2015-01-05,19:10:36,"The Chicken Alfredo Pizza",Chicken,M,1,16.75,16.75
298,2015-01-05,19:10:36,"The California Chicken Pizza",Chicken,S,1,12.75,12.75
298,2015-01-05,19:10:36,"The California Chicken Pizza",Chicken,M,1,16.75,16.75
299,2015-01-05,19:34:31,"The Spinach and Feta Pizza",Veggie,M,1,16,16
299,2015-01-05,19:34:31,"The Classic Deluxe Pizza",Classic,S,1,12,12
300,2015-01-05,19:42:54,"The Spinach Supreme Pizza",Supreme,S,1,12.5,12.5
300,2015-01-05,19:42:54,"The Italian Vegetables Pizza",Veggie,S,1,12.75,12.75
300,2015-01-05,19:42:54,"The Italian Capocollo Pizza",Classic,S,1,12,12
300,2015-01-05,19:42:54,"The Big Meat Pizza",Classic,S,1,12,12
301,2015-01-05,19:45:58,"The Napolitana Pizza",Classic,L,1,20.5,20.5
302,2015-01-05,19:57:37,"The Pepper Salami Pizza",Supreme,L,1,20.75,20.75
303,2015-01-05,20:02:51,"The Pepperoni Pizza",Classic,S,1,9.75,9.75
303,2015-01-05,20:02:51,"The Italian Capocollo Pizza",Classic,M,1,16,16
303,2015-01-05,20:02:51,"The Big Meat Pizza",Classic,S,1,12,12
304,2015-01-05,20:07:58,"The Mexicana Pizza",Veggie,L,1,20.25,20.25
304,2015-01-05,20:07:58,"The Hawaiian Pizza",Classic,S,1,10.5,10.5
305,2015-01-05,20:35:40,"The Spicy Italian Pizza",Supreme,M,1,16.5,16.5
305,2015-01-05,20:35:40,"The Sicilian Pizza",Supreme,S,1,12.25,12.25
305,2015-01-05,20:35:40,"The Pepperoni Pizza",Classic,L,1,15.25,15.25
306,2015-01-05,20:37:40,"The Napolitana Pizza",Classic,M,1,16,16
306,2015-01-05,20:37:40,"The Hawaiian Pizza",Classic,S,1,10.5,10.5
306,2015-01-05,20:37:40,"The Big Meat Pizza",Classic,S,1,12,12
307,2015-01-05,21:45:38,"The Thai Chicken Pizza",Chicken,M,1,16.75,16.75
307,2015-01-05,21:45:38,"The Classic Deluxe Pizza",Classic,L,1,20.5,20.5
308,2015-01-05,21:59:46,"The Thai Chicken Pizza",Chicken,S,1,12.75,12.75
308,2015-01-05,21:59:46,"The Pepperoni, Mushroom, and Peppers Pizza",Classic,L,1,17.5,17.5
308,2015-01-05,21:59:46,"The Hawaiian Pizza",Classic,L,1,16.5,16.5
309,2015-01-06,11:39:06,"The Pepper Salami Pizza",Supreme,M,1,16.5,16.5
309,2015-01-06,11:39:06,"The Five Cheese Pizza",Veggie,L,1,18.5,18.5
310,2015-01-06,11:40:48,"The Thai Chicken Pizza",Chicken,S,1,12.75,12.75
310,2015-01-06,11:40:48,"The Hawaiian Pizza",Classic,S,1,10.5,10.5
311,2015-01-06,11:57:27,"The Sicilian Pizza",Supreme,L,1,20.25,20.25
312,2015-01-06,12:05:21,"The Sicilian Pizza",Supreme,M,1,16.25,16.25
312,2015-01-06,12:05:21,"The Chicken Alfredo Pizza",Chicken,M,1,16.75,16.75
312,2015-01-06,12:05:21,"The Brie Carre Pizza",Supreme,S,1,23.65,23.65
312,2015-01-06,12:05:21,"The Big Meat Pizza",Classic,S,1,12,12
313,2015-01-06,12:09:09,"The Classic Deluxe Pizza",Classic,M,1,16,16
314,2015-01-06,12:11:58,"The Vegetables + Vegetables Pizza",Veggie,M,1,16,16
314,2015-01-06,12:11:58,"The Hawaiian Pizza",Classic,M,1,13.25,13.25
314,2015-01-06,12:11:58,"The Green Garden Pizza",Veggie,M,1,16,16
314,2015-01-06,12:11:58,"The Five Cheese Pizza",Veggie,L,1,18.5,18.5
314,2015-01-06,12:11:58,"The Calabrese Pizza",Supreme,M,1,16.25,16.25
315,2015-01-06,12:17:40,"The Classic Deluxe Pizza",Classic,M,1,16,16
316,2015-01-06,12:29:34,"The Italian Supreme Pizza",Supreme,M,1,16.5,16.5
316,2015-01-06,12:29:34,"The Hawaiian Pizza",Classic,S,1,10.5,10.5
317,2015-01-06,12:31:00,"The Spinach and Feta Pizza",Veggie,S,1,12,12
317,2015-01-06,12:31:00,"The Prosciutto and Arugula Pizza",Supreme,S,1,12.5,12.5
317,2015-01-06,12:31:00,"The Pepperoni, Mushroom, and Peppers Pizza",Classic,L,1,17.5,17.5
317,2015-01-06,12:31:00,"The Hawaiian Pizza",Classic,S,1,10.5,10.5
317,2015-01-06,12:31:00,"The Four Cheese Pizza",Veggie,L,1,17.95,17.95
317,2015-01-06,12:31:00,"The Classic Deluxe Pizza",Classic,M,1,16,16
317,2015-01-06,12:31:00,"The California Chicken Pizza",Chicken,S,1,12.75,12.75
318,2015-01-06,12:45:14,"The Spicy Italian Pizza",Supreme,L,1,20.75,20.75
318,2015-01-06,12:45:14,"The Soppressata Pizza",Supreme,S,1,12.5,12.5
318,2015-01-06,12:45:14,"The Mexicana Pizza",Veggie,L,1,20.25,20.25
318,2015-01-06,12:45:14,"The Italian Capocollo Pizza",Classic,L,1,20.5,20.5
319,2015-01-06,12:46:22,"The Italian Supreme Pizza",Supreme,M,1,16.5,16.5
320,2015-01-06,12:46:40,"The Chicken Pesto Pizza",Chicken,L,1,20.75,20.75
320,2015-01-06,12:46:40,"The California Chicken Pizza",Chicken,M,1,16.75,16.75
321,2015-01-06,12:56:21,"The Italian Supreme Pizza",Supreme,L,1,20.75,20.75
322,2015-01-06,13:02:13,"The Thai Chicken Pizza",Chicken,L,1,20.75,20.75
322,2015-01-06,13:02:13,"The Classic Deluxe Pizza",Classic,S,1,12,12
322,2015-01-06,13:02:13,"The Chicken Pesto Pizza",Chicken,L,1,20.75,20.75
322,2015-01-06,13:02:13,"The California Chicken Pizza",Chicken,L,1,20.75,20.75
323,2015-01-06,13:05:33,"The Classic Deluxe Pizza",Classic,M,1,16,16
324,2015-01-06,13:06:44,"The Five Cheese Pizza",Veggie,L,1,18.5,18.5
325,2015-01-06,13:07:32,"The Vegetables + Vegetables Pizza",Veggie,S,1,12,12
325,2015-01-06,13:07:32,"The Classic Deluxe Pizza",Classic,S,1,12,12
326,2015-01-06,13:10:13,"The Spinach Supreme Pizza",Supreme,L,1,20.75,20.75
326,2015-01-06,13:10:13,"The California Chicken Pizza",Chicken,M,1,16.75,16.75
327,2015-01-06,13:10:54,"The Classic Deluxe Pizza",Classic,M,1,16,16
328,2015-01-06,13:16:35,"The Mediterranean Pizza",Veggie,L,1,20.25,20.25
329,2015-01-06,13:22:44,"The Spinach Supreme Pizza",Supreme,M,1,16.5,16.5
329,2015-01-06,13:22:44,"The Spicy Italian Pizza",Supreme,L,1,20.75,20.75
330,2015-01-06,13:27:11,"The Greek Pizza",Classic,M,1,16,16
330,2015-01-06,13:27:11,"The Spinach and Feta Pizza",Veggie,L,1,20.25,20.25
330,2015-01-06,13:27:11,"The Spicy Italian Pizza",Supreme,M,1,16.5,16.5
330,2015-01-06,13:27:11,"The Spicy Italian Pizza",Supreme,L,1,20.75,20.75
330,2015-01-06,13:27:11,"The Sicilian Pizza",Supreme,L,1,20.25,20.25
330,2015-01-06,13:27:11,"The Pepper Salami Pizza",Supreme,S,1,12.5,12.5
330,2015-01-06,13:27:11,"The Pepperoni, Mushroom, and Peppers Pizza",Classic,L,1,17.5,17.5
330,2015-01-06,13:27:11,"The Hawaiian Pizza",Classic,L,1,16.5,16.5
330,2015-01-06,13:27:11,"The Four Cheese Pizza",Veggie,L,2,17.95,35.9
330,2015-01-06,13:27:11,"The Five Cheese Pizza",Veggie,L,1,18.5,18.5
330,2015-01-06,13:27:11,"The Classic Deluxe Pizza",Classic,S,1,12,12
330,2015-01-06,13:27:11,"The Classic Deluxe Pizza",Classic,M,1,16,16
330,2015-01-06,13:27:11,"The Chicken Alfredo Pizza",Chicken,M,1,16.75,16.75
330,2015-01-06,13:27:11,"The Big Meat Pizza",Classic,S,1,12,12
331,2015-01-06,13:43:30,"The Prosciutto and Arugula Pizza",Supreme,M,1,16.5,16.5
332,2015-01-06,14:12:01,"The Thai Chicken Pizza",Chicken,M,1,16.75,16.75
332,2015-01-06,14:12:01,"The Southwest Chicken Pizza",Chicken,L,1,20.75,20.75
332,2015-01-06,14:12:01,"The Sicilian Pizza",Supreme,M,1,16.25,16.25
333,2015-01-06,14:16:36,"The Chicken Alfredo Pizza",Chicken,M,1,16.75,16.75
334,2015-01-06,14:24:18,"The Thai Chicken Pizza",Chicken,L,1,20.75,20.75
334,2015-01-06,14:24:18,"The Southwest Chicken Pizza",Chicken,M,1,16.75,16.75
334,2015-01-06,14:24:18,"The Pepperoni Pizza",Classic,M,1,12.5,12.5
334,2015-01-06,14:24:18,"The Calabrese Pizza",Supreme,L,1,20.25,20.25
335,2015-01-06,14:24:47,"The Mediterranean Pizza",Veggie,L,1,20.25,20.25
336,2015-01-06,14:51:41,"The Prosciutto and Arugula Pizza",Supreme,L,1,20.75,20.75
337,2015-01-06,15:03:12,"The Pepperoni Pizza",Classic,L,1,15.25,15.25
337,2015-01-06,15:03:12,"The Hawaiian Pizza",Classic,L,1,16.5,16.5
338,2015-01-06,15:18:26,"The Greek Pizza",Classic,XL,1,25.5,25.5
338,2015-01-06,15:18:26,"The Thai Chicken Pizza",Chicken,L,1,20.75,20.75
338,2015-01-06,15:18:26,"The Mexicana Pizza",Veggie,L,1,20.25,20.25
339,2015-01-06,15:25:13,"The Spicy Italian Pizza",Supreme,M,1,16.5,16.5
340,2015-01-06,15:35:32,"The Pepper Salami Pizza",Supreme,S,1,12.5,12.5
341,2015-01-06,15:35:47,"The Pepperoni Pizza",Classic,S,1,9.75,9.75
341,2015-01-06,15:35:47,"The Barbecue Chicken Pizza",Chicken,M,1,16.75,16.75
342,2015-01-06,15:44:12,"The Southwest Chicken Pizza",Chicken,L,1,20.75,20.75
342,2015-01-06,15:44:12,"The Sicilian Pizza",Supreme,L,1,20.25,20.25
343,2015-01-06,15:45:37,"The Four Cheese Pizza",Veggie,M,1,14.75,14.75
343,2015-01-06,15:45:37,"The Five Cheese Pizza",Veggie,L,1,18.5,18.5
344,2015-01-06,16:01:11,"The Italian Capocollo Pizza",Classic,M,1,16,16
345,2015-01-06,16:01:47,"The Spinach and Feta Pizza",Veggie,S,1,12,12
345,2015-01-06,16:01:47,"The Pepper Salami Pizza",Supreme,S,1,12.5,12.5
346,2015-01-06,16:30:00,"The Napolitana Pizza",Classic,S,1,12,12
346,2015-01-06,16:30:00,"The Italian Capocollo Pizza",Classic,L,1,20.5,20.5
346,2015-01-06,16:30:00,"The Hawaiian Pizza",Classic,S,1,10.5,10.5
346,2015-01-06,16:30:00,"The Green Garden Pizza",Veggie,S,1,12,12
347,2015-01-06,16:37:17,"The Vegetables + Vegetables Pizza",Veggie,M,1,16,16
347,2015-01-06,16:37:17,"The Thai Chicken Pizza",Chicken,L,1,20.75,20.75
347,2015-01-06,16:37:17,"The Spinach and Feta Pizza",Veggie,L,1,20.25,20.25
348,2015-01-06,16:49:12,"The Thai Chicken Pizza",Chicken,S,1,12.75,12.75
348,2015-01-06,16:49:12,"The Thai Chicken Pizza",Chicken,L,1,20.75,20.75
348,2015-01-06,16:49:12,"The Classic Deluxe Pizza",Classic,M,1,16,16
349,2015-01-06,17:25:58,"The Pepperoni Pizza",Classic,L,1,15.25,15.25
350,2015-01-06,17:37:05,"The Spicy Italian Pizza",Supreme,S,1,12.5,12.5
350,2015-01-06,17:37:05,"The Pepperoni Pizza",Classic,M,2,12.5,25
350,2015-01-06,17:37:05,"The Classic Deluxe Pizza",Classic,L,1,20.5,20.5
351,2015-01-06,17:37:29,"The Hawaiian Pizza",Classic,M,1,13.25,13.25
351,2015-01-06,17:37:29,"The Big Meat Pizza",Classic,S,1,12,12
352,2015-01-06,17:45:48,"The Italian Capocollo Pizza",Classic,L,1,20.5,20.5
352,2015-01-06,17:45:48,"The Big Meat Pizza",Classic,S,1,12,12
353,2015-01-06,17:59:48,"The Prosciutto and Arugula Pizza",Supreme,S,1,12.5,12.5
353,2015-01-06,17:59:48,"The California Chicken Pizza",Chicken,L,1,20.75,20.75
353,2015-01-06,17:59:48,"The Barbecue Chicken Pizza",Chicken,L,1,20.75,20.75
354,2015-01-06,18:01:44,"The Vegetables + Vegetables Pizza",Veggie,L,1,20.25,20.25
354,2015-01-06,18:01:44,"The Green Garden Pizza",Veggie,S,1,12,12
355,2015-01-06,18:14:45,"The Italian Supreme Pizza",Supreme,M,1,16.5,16.5
355,2015-01-06,18:14:45,"The Chicken Alfredo Pizza",Chicken,M,1,16.75,16.75
356,2015-01-06,18:16:05,"The Chicken Alfredo Pizza",Chicken,M,1,16.75,16.75
357,2015-01-06,18:27:58,"The Spinach and Feta Pizza",Veggie,S,1,12,12
357,2015-01-06,18:27:58,"The Southwest Chicken Pizza",Chicken,S,1,12.75,12.75
357,2015-01-06,18:27:58,"The California Chicken Pizza",Chicken,L,1,20.75,20.75
358,2015-01-06,18:30:12,"The Italian Supreme Pizza",Supreme,M,1,16.5,16.5
359,2015-01-06,18:33:08,"The Thai Chicken Pizza",Chicken,L,1,20.75,20.75
359,2015-01-06,18:33:08,"The Green Garden Pizza",Veggie,M,1,16,16
360,2015-01-06,18:50:38,"The Hawaiian Pizza",Classic,S,1,10.5,10.5
360,2015-01-06,18:50:38,"The Green Garden Pizza",Veggie,S,1,12,12
360,2015-01-06,18:50:38,"The Barbecue Chicken Pizza",Chicken,L,1,20.75,20.75
361,2015-01-06,19:12:38,"The Italian Capocollo Pizza",Classic,S,1,12,12
361,2015-01-06,19:12:38,"The Big Meat Pizza",Classic,S,2,12,24
362,2015-01-06,19:13:36,"The Mexicana Pizza",Veggie,L,1,20.25,20.25
362,2015-01-06,19:13:36,"The Barbecue Chicken Pizza",Chicken,M,1,16.75,16.75
363,2015-01-06,19:20:31,"The Mexicana Pizza",Veggie,L,1,20.25,20.25
363,2015-01-06,19:20:31,"The Mediterranean Pizza",Veggie,L,1,20.25,20.25
364,2015-01-06,19:27:24,"The Greek Pizza",Classic,XL,1,25.5,25.5
364,2015-01-06,19:27:24,"The Italian Supreme Pizza",Supreme,M,1,16.5,16.5
365,2015-01-06,19:37:26,"The Pepperoni Pizza",Classic,M,1,12.5,12.5
365,2015-01-06,19:37:26,"The Mediterranean Pizza",Veggie,L,1,20.25,20.25
365,2015-01-06,19:37:26,"The Four Cheese Pizza",Veggie,M,1,14.75,14.75
366,2015-01-06,20:04:20,"The Italian Capocollo Pizza",Classic,L,1,20.5,20.5
367,2015-01-06,20:05:12,"The Spinach and Feta Pizza",Veggie,M,1,16,16
367,2015-01-06,20:05:12,"The Hawaiian Pizza",Classic,L,1,16.5,16.5
368,2015-01-06,20:28:16,"The Thai Chicken Pizza",Chicken,L,1,20.75,20.75
368,2015-01-06,20:28:16,"The Spinach Pesto Pizza",Veggie,M,1,16.5,16.5
369,2015-01-06,20:30:06,"The Spinach and Feta Pizza",Veggie,M,1,16,16
370,2015-01-06,21:02:30,"The Hawaiian Pizza",Classic,S,1,10.5,10.5
370,2015-01-06,21:02:30,"The Four Cheese Pizza",Veggie,L,1,17.95,17.95
371,2015-01-06,21:15:20,"The Pepperoni Pizza",Classic,M,1,12.5,12.5
372,2015-01-06,22:26:59,"The Spinach and Feta Pizza",Veggie,S,1,12,12
373,2015-01-07,11:45:18,"The Sicilian Pizza",Supreme,L,1,20.25,20.25
373,2015-01-07,11:45:18,"The Classic Deluxe Pizza",Classic,M,1,16,16
373,2015-01-07,11:45:18,"The Chicken Pesto Pizza",Chicken,S,1,12.75,12.75
374,2015-01-07,11:55:59,"The Pepper Salami Pizza",Supreme,S,1,12.5,12.5
374,2015-01-07,11:55:59,"The Chicken Alfredo Pizza",Chicken,M,1,16.75,16.75
374,2015-01-07,11:55:59,"The Big Meat Pizza",Classic,S,1,12,12
375,2015-01-07,11:58:36,"The Mexicana Pizza",Veggie,M,1,16,16
376,2015-01-07,12:01:17,"The Vegetables + Vegetables Pizza",Veggie,L,1,20.25,20.25
376,2015-01-07,12:01:17,"The Greek Pizza",Classic,XL,1,25.5,25.5
377,2015-01-07,12:03:18,"The Thai Chicken Pizza",Chicken,L,1,20.75,20.75
377,2015-01-07,12:03:18,"The Hawaiian Pizza",Classic,M,1,13.25,13.25
378,2015-01-07,12:19:37,"The Italian Vegetables Pizza",Veggie,S,1,12.75,12.75
379,2015-01-07,12:25:37,"The Thai Chicken Pizza",Chicken,L,1,20.75,20.75
380,2015-01-07,12:32:10,"The California Chicken Pizza",Chicken,M,1,16.75,16.75
380,2015-01-07,12:32:10,"The Calabrese Pizza",Supreme,M,1,16.25,16.25
381,2015-01-07,12:33:06,"The Southwest Chicken Pizza",Chicken,M,1,16.75,16.75
382,2015-01-07,12:33:07,"The Vegetables + Vegetables Pizza",Veggie,M,1,16,16
382,2015-01-07,12:33:07,"The Thai Chicken Pizza",Chicken,S,1,12.75,12.75
383,2015-01-07,12:43:59,"The Spicy Italian Pizza",Supreme,M,1,16.5,16.5
384,2015-01-07,12:51:46,"The Greek Pizza",Classic,S,1,12,12
384,2015-01-07,12:51:46,"The Mediterranean Pizza",Veggie,M,1,16,16
384,2015-01-07,12:51:46,"The Italian Capocollo Pizza",Classic,M,1,16,16
384,2015-01-07,12:51:46,"The Hawaiian Pizza",Classic,S,1,10.5,10.5
385,2015-01-07,12:54:19,"The Vegetables + Vegetables Pizza",Veggie,L,1,20.25,20.25
386,2015-01-07,12:58:16,"The Thai Chicken Pizza",Chicken,M,1,16.75,16.75
386,2015-01-07,12:58:16,"The Soppressata Pizza",Supreme,M,1,16.5,16.5
386,2015-01-07,12:58:16,"The Italian Vegetables Pizza",Veggie,S,1,12.75,12.75
387,2015-01-07,13:03:14,"The Spinach and Feta Pizza",Veggie,S,1,12,12
387,2015-01-07,13:03:14,"The Spicy Italian Pizza",Supreme,L,1,20.75,20.75
387,2015-01-07,13:03:14,"The Pepperoni Pizza",Classic,S,1,9.75,9.75
387,2015-01-07,13:03:14,"The Five Cheese Pizza",Veggie,L,1,18.5,18.5
387,2015-01-07,13:03:14,"The Chicken Pesto Pizza",Chicken,M,1,16.75,16.75
387,2015-01-07,13:03:14,"The Big Meat Pizza",Classic,S,1,12,12
387,2015-01-07,13:03:14,"The Barbecue Chicken Pizza",Chicken,S,1,12.75,12.75
388,2015-01-07,13:04:56,"The Vegetables + Vegetables Pizza",Veggie,S,1,12,12
388,2015-01-07,13:04:56,"The Mediterranean Pizza",Veggie,M,1,16,16
388,2015-01-07,13:04:56,"The Chicken Alfredo Pizza",Chicken,M,1,16.75,16.75
388,2015-01-07,13:04:56,"The Barbecue Chicken Pizza",Chicken,S,1,12.75,12.75
389,2015-01-07,13:10:17,"The Spinach Pesto Pizza",Veggie,L,1,20.75,20.75
390,2015-01-07,13:15:32,"The Pepperoni, Mushroom, and Peppers Pizza",Classic,L,1,17.5,17.5
391,2015-01-07,13:25:31,"The Greek Pizza",Classic,M,1,16,16
392,2015-01-07,13:36:47,"The Spicy Italian Pizza",Supreme,L,1,20.75,20.75
392,2015-01-07,13:36:47,"The Soppressata Pizza",Supreme,L,1,20.75,20.75
392,2015-01-07,13:36:47,"The Sicilian Pizza",Supreme,L,1,20.25,20.25
392,2015-01-07,13:36:47,"The Prosciutto and Arugula Pizza",Supreme,L,1,20.75,20.75
392,2015-01-07,13:36:47,"The Pepperoni Pizza",Classic,S,2,9.75,19.5
392,2015-01-07,13:36:47,"The California Chicken Pizza",Chicken,L,1,20.75,20.75
392,2015-01-07,13:36:47,"The Calabrese Pizza",Supreme,S,1,12.25,12.25
392,2015-01-07,13:36:47,"The Big Meat Pizza",Classic,S,1,12,12
393,2015-01-07,13:48:31,"The Hawaiian Pizza",Classic,L,1,16.5,16.5
393,2015-01-07,13:48:31,"The Green Garden Pizza",Veggie,S,1,12,12
394,2015-01-07,14:02:18,"The Vegetables + Vegetables Pizza",Veggie,S,1,12,12
394,2015-01-07,14:02:18,"The Thai Chicken Pizza",Chicken,L,1,20.75,20.75
394,2015-01-07,14:02:18,"The Spinach Pesto Pizza",Veggie,S,1,12.5,12.5
394,2015-01-07,14:02:18,"The Spicy Italian Pizza",Supreme,L,1,20.75,20.75
394,2015-01-07,14:02:18,"The Sicilian Pizza",Supreme,L,1,20.25,20.25
394,2015-01-07,14:02:18,"The Pepperoni Pizza",Classic,S,1,9.75,9.75
394,2015-01-07,14:02:18,"The Pepperoni Pizza",Classic,M,3,12.5,37.5
394,2015-01-07,14:02:18,"The Pepperoni, Mushroom, and Peppers Pizza",Classic,L,1,17.5,17.5
394,2015-01-07,14:02:18,"The Hawaiian Pizza",Classic,S,1,10.5,10.5
394,2015-01-07,14:02:18,"The Hawaiian Pizza",Classic,L,1,16.5,16.5
394,2015-01-07,14:02:18,"The Chicken Pesto Pizza",Chicken,S,1,12.75,12.75
394,2015-01-07,14:02:18,"The Big Meat Pizza",Classic,S,1,12,12
395,2015-01-07,14:11:08,"The Napolitana Pizza",Classic,M,1,16,16
396,2015-01-07,14:12:21,"The Spinach and Feta Pizza",Veggie,S,1,12,12
397,2015-01-07,14:31:10,"The Pepperoni Pizza",Classic,M,1,12.5,12.5
397,2015-01-07,14:31:10,"The Hawaiian Pizza",Classic,L,1,16.5,16.5
397,2015-01-07,14:31:10,"The Five Cheese Pizza",Veggie,L,2,18.5,37
398,2015-01-07,14:56:26,"The Pepperoni Pizza",Classic,S,1,9.75,9.75
399,2015-01-07,15:47:49,"The Greek Pizza",Classic,M,1,16,16
399,2015-01-07,15:47:49,"The Four Cheese Pizza",Veggie,M,1,14.75,14.75
399,2015-01-07,15:47:49,"The California Chicken Pizza",Chicken,L,1,20.75,20.75
399,2015-01-07,15:47:49,"The Barbecue Chicken Pizza",Chicken,M,1,16.75,16.75
400,2015-01-07,16:03:07,"The Thai Chicken Pizza",Chicken,L,1,20.75,20.75
400,2015-01-07,16:03:07,"The Pepperoni Pizza",Classic,M,1,12.5,12.5
401,2015-01-07,16:08:35,"The Vegetables + Vegetables Pizza",Veggie,M,1,16,16
402,2015-01-07,16:24:46,"The Italian Supreme Pizza",Supreme,M,1,16.5,16.5
402,2015-01-07,16:24:46,"The Four Cheese Pizza",Veggie,L,1,17.95,17.95
403,2015-01-07,16:26:10,"The Prosciutto and Arugula Pizza",Supreme,S,1,12.5,12.5
403,2015-01-07,16:26:10,"The Classic Deluxe Pizza",Classic,L,1,20.5,20.5
403,2015-01-07,16:26:10,"The Barbecue Chicken Pizza",Chicken,S,1,12.75,12.75
404,2015-01-07,16:39:27,"The Chicken Pesto Pizza",Chicken,L,1,20.75,20.75
405,2015-01-07,16:44:16,"The Sicilian Pizza",Supreme,L,1,20.25,20.25
406,2015-01-07,16:50:49,"The Italian Vegetables Pizza",Veggie,S,1,12.75,12.75
406,2015-01-07,16:50:49,"The Classic Deluxe Pizza",Classic,M,1,16,16
406,2015-01-07,16:50:49,"The Chicken Alfredo Pizza",Chicken,M,1,16.75,16.75
407,2015-01-07,16:56:42,"The Pepperoni Pizza",Classic,M,1,12.5,12.5
407,2015-01-07,16:56:42,"The Classic Deluxe Pizza",Classic,L,1,20.5,20.5
407,2015-01-07,16:56:42,"The California Chicken Pizza",Chicken,M,1,16.75,16.75
408,2015-01-07,17:09:09,"The Pepper Salami Pizza",Supreme,M,1,16.5,16.5
408,2015-01-07,17:09:09,"The Brie Carre Pizza",Supreme,S,1,23.65,23.65
409,2015-01-07,17:15:04,"The Pepperoni Pizza",Classic,L,1,15.25,15.25
410,2015-01-07,17:33:49,"The Greek Pizza",Classic,XL,1,25.5,25.5
410,2015-01-07,17:33:49,"The Mediterranean Pizza",Veggie,M,1,16,16
410,2015-01-07,17:33:49,"The Big Meat Pizza",Classic,S,2,12,24
411,2015-01-07,17:58:09,"The Southwest Chicken Pizza",Chicken,L,1,20.75,20.75
411,2015-01-07,17:58:09,"The Italian Supreme Pizza",Supreme,M,1,16.5,16.5
412,2015-01-07,18:07:46,"The Spinach Supreme Pizza",Supreme,M,1,16.5,16.5
412,2015-01-07,18:07:46,"The Brie Carre Pizza",Supreme,S,1,23.65,23.65
413,2015-01-07,18:11:32,"The Greek Pizza",Classic,S,1,12,12
414,2015-01-07,18:13:22,"The Italian Supreme Pizza",Supreme,M,1,16.5,16.5
414,2015-01-07,18:13:22,"The Five Cheese Pizza",Veggie,L,1,18.5,18.5
414,2015-01-07,18:13:22,"The Classic Deluxe Pizza",Classic,S,1,12,12
415,2015-01-07,18:16:23,"The California Chicken Pizza",Chicken,S,1,12.75,12.75
416,2015-01-07,18:17:42,"The Spinach and Feta Pizza",Veggie,L,1,20.25,20.25
417,2015-01-07,18:24:40,"The Pepperoni Pizza",Classic,S,1,9.75,9.75
418,2015-01-07,18:40:11,"The Sicilian Pizza",Supreme,M,1,16.25,16.25
418,2015-01-07,18:40:11,"The Chicken Pesto Pizza",Chicken,M,1,16.75,16.75
419,2015-01-07,19:02:31,"The Vegetables + Vegetables Pizza",Veggie,S,1,12,12
419,2015-01-07,19:02:31,"The Italian Vegetables Pizza",Veggie,M,1,16.75,16.75
419,2015-01-07,19:02:31,"The Hawaiian Pizza",Classic,L,1,16.5,16.5
419,2015-01-07,19:02:31,"The Barbecue Chicken Pizza",Chicken,L,1,20.75,20.75
420,2015-01-07,19:04:40,"The Pepperoni, Mushroom, and Peppers Pizza",Classic,S,1,11,11
420,2015-01-07,19:04:40,"The Five Cheese Pizza",Veggie,L,1,18.5,18.5
421,2015-01-07,19:21:58,"The Chicken Pesto Pizza",Chicken,S,1,12.75,12.75
421,2015-01-07,19:21:58,"The Calabrese Pizza",Supreme,L,1,20.25,20.25
421,2015-01-07,19:21:58,"The Barbecue Chicken Pizza",Chicken,L,1,20.75,20.75
422,2015-01-07,19:30:25,"The Spinach and Feta Pizza",Veggie,M,1,16,16
422,2015-01-07,19:30:25,"The Italian Supreme Pizza",Supreme,M,1,16.5,16.5
422,2015-01-07,19:30:25,"The Four Cheese Pizza",Veggie,L,1,17.95,17.95
423,2015-01-07,19:45:07,"The Sicilian Pizza",Supreme,S,1,12.25,12.25
423,2015-01-07,19:45:07,"The Italian Supreme Pizza",Supreme,L,1,20.75,20.75
424,2015-01-07,20:01:28,"The Pepperoni Pizza",Classic,M,1,12.5,12.5
425,2015-01-07,20:21:19,"The Soppressata Pizza",Supreme,M,1,16.5,16.5
426,2015-01-07,20:25:45,"The Soppressata Pizza",Supreme,M,1,16.5,16.5
426,2015-01-07,20:25:45,"The Sicilian Pizza",Supreme,S,1,12.25,12.25
426,2015-01-07,20:25:45,"The Classic Deluxe Pizza",Classic,M,1,16,16
427,2015-01-07,21:49:00,"The Spinach and Feta Pizza",Veggie,L,1,20.25,20.25
428,2015-01-07,22:05:00,"The Italian Capocollo Pizza",Classic,S,1,12,12
428,2015-01-07,22:05:00,"The Calabrese Pizza",Supreme,L,1,20.25,20.25
429,2015-01-07,22:16:53,"The Spicy Italian Pizza",Supreme,M,1,16.5,16.5
430,2015-01-07,22:46:13,"The Sicilian Pizza",Supreme,S,1,12.25,12.25
430,2015-01-07,22:46:13,"The Green Garden Pizza",Veggie,M,1,16,16
431,2015-01-08,11:17:13,"The Hawaiian Pizza",Classic,L,1,16.5,16.5
431,2015-01-08,11:17:13,"The Four Cheese Pizza",Veggie,L,1,17.95,17.95
431,2015-01-08,11:17:13,"The Chicken Alfredo Pizza",Chicken,S,1,12.75,12.75
431,2015-01-08,11:17:13,"The Big Meat Pizza",Classic,S,1,12,12
432,2015-01-08,11:39:07,"The Vegetables + Vegetables Pizza",Veggie,S,1,12,12
432,2015-01-08,11:39:07,"The Thai Chicken Pizza",Chicken,L,1,20.75,20.75
432,2015-01-08,11:39:07,"The Italian Capocollo Pizza",Classic,S,1,12,12
433,2015-01-08,11:49:50,"The Spicy Italian Pizza",Supreme,L,1,20.75,20.75
434,2015-01-08,11:54:14,"The Vegetables + Vegetables Pizza",Veggie,L,1,20.25,20.25
434,2015-01-08,11:54:14,"The Spicy Italian Pizza",Supreme,L,1,20.75,20.75
434,2015-01-08,11:54:14,"The Napolitana Pizza",Classic,M,1,16,16
435,2015-01-08,12:06:09,"The Spinach Supreme Pizza",Supreme,S,1,12.5,12.5
435,2015-01-08,12:06:09,"The Pepperoni, Mushroom, and Peppers Pizza",Classic,M,1,14.5,14.5
435,2015-01-08,12:06:09,"The Classic Deluxe Pizza",Classic,M,1,16,16
436,2015-01-08,12:07:21,"The Pepper Salami Pizza",Supreme,S,1,12.5,12.5
436,2015-01-08,12:07:21,"The Pepperoni, Mushroom, and Peppers Pizza",Classic,S,1,11,11
436,2015-01-08,12:07:21,"The Italian Supreme Pizza",Supreme,M,1,16.5,16.5
436,2015-01-08,12:07:21,"The Classic Deluxe Pizza",Classic,L,1,20.5,20.5
437,2015-01-08,12:07:54,"The Barbecue Chicken Pizza",Chicken,M,1,16.75,16.75
438,2015-01-08,12:08:38,"The Vegetables + Vegetables Pizza",Veggie,M,1,16,16
439,2015-01-08,12:13:08,"The Greek Pizza",Classic,S,1,12,12
